source,environment,profile,policy,policy_label,runs,interception_ratio_mean,interception_ratio_ci95,no_intercept_rate_mean,no_intercept_rate_ci95,capped_mean_tti_mean,capped_mean_tti_ci95,capped_p95_tti_mean,capped_p95_tti_ci95,conditional_mean_tti_mean,conditional_mean_tti_ci95,conditional_p95_tti_mean,conditional_p95_tti_ci95,avg_reward_per_receiver_time_mean,avg_reward_per_receiver_time_ci95,retune_dead_fraction_mean,retune_dead_fraction_ci95,coverage_violations_mean,coverage_violations_ci95,max_observed_age_mean,max_observed_age_ci95,learner_brier_score_mean,learner_brier_score_ci95,empirical_pd_mean,empirical_pd_ci95,empirical_pfa_mean,empirical_pfa_ci95,temporal_evidence_activations_mean,temporal_evidence_activations_ci95,learner_change_detections_mean,learner_change_detections_ci95,runtime_per_slot_seconds_mean,runtime_per_slot_seconds_ci95
simulator,active_to_silent,nominal,coverage_sweep,Coverage Sweep,20,0.0547379537834848,0.0032410344328405107,0.9452620462165152,0.00324103443284051,1.116257491581477,0.009572226565353037,2.0,0.0,0.1931479188101372,0.027383180009275636,1.0524999999999995,0.09282813491382269,0.03061538461538461,0.0022697233802786397,0.4981538461538461,0.00038516495149866975,0.0,0.0,37.5,0.26601938987501206,,,0.9035759222104977,0.021327116416437024,0.009796770229201989,0.0015697265227417186,0.0,0.0,0.0,0.0,3.41569923076839e-05,7.504312198813546e-06
simulator,active_to_silent,nominal,rafts_cpts,RAFTS-CP-TS,20,0.06199905026245063,0.003847214204350531,0.9380009497375493,0.003847214204350534,1.110243503867426,0.00846317214462431,2.0,0.0,0.10226291040344848,0.029178951081163605,0.8,0.22927987953131596,0.03892307692307692,0.0028489107120803934,0.3262692307692308,0.00711914749829362,0.0,0.0,78.75,0.19470625648856144,0.08322262905713547,0.003603122477781734,0.8904260558897258,0.017206904680960367,0.008043636142603812,0.001427132160699412,101.55,41.1500452874343,0.0,0.0,0.0007872512461542032,0.00018018825177217404
simulator,active_to_silent,nominal,rafts_cusum_ucb,RAFTS-CUSUM-UCB,20,0.08375971501426474,0.003909647852823112,0.9162402849857353,0.003909647852823116,1.0834997559061517,0.010051202773060167,2.0,0.0,0.05189238277496675,0.01233252470455034,0.3849999999999998,0.21294610635211503,0.05469230769230769,0.0034099397821617736,0.11119230769230767,0.0005627997592231403,0.0,0.0,78.25,0.19470625648856144,0.07979875958363472,0.00257648047023413,0.9149486251881884,0.013491926196272699,0.00809285221952509,0.0010302747554634165,1623.1,353.66640520664305,2.2,0.6295167737408215,0.0013182127923078394,0.0003075666393865544
simulator,active_to_silent,nominal,rafts_dts,RAFTS-DTS,20,0.05973159331045563,0.003134883921124177,0.9402684066895445,0.003134883921124175,1.1111532602338774,0.008061714662620137,2.0,0.0,0.1276199832303881,0.025675885235460317,0.8224999999999987,0.20352470301376732,0.0376923076923077,0.0027821981590239017,0.39726923076923076,0.003437153860152593,0.0,0.0,78.2,0.5047363042640239,0.11187731909255776,0.002977403066309044,0.8979329779550993,0.01776571601984721,0.009891126721544692,0.0019120418164372543,188.7,89.80048435457232,0.0,0.0,0.000706802123077488,0.0001553991543130077
simulator,active_to_silent,nominal,rafts_ducb,RAFTS-DUCB,20,0.08293238980193368,0.004352027309284611,0.9170676101980664,0.004352027309284612,1.0841893087757293,0.011177420027922718,2.0,0.0,0.04262180809003835,0.011676180214926463,0.24249999999999935,0.16632291198939342,0.053538461538461535,0.003924575342957183,0.1108076923076923,7.538461538461568e-05,0.0,0.0,78.05,0.09799999999999999,0.08811062261168731,0.0025579160333591374,0.9099842165243455,0.012285067851844167,0.009069589774986335,0.001125390682972867,1349.55,310.68814667444263,0.0,0.0,0.0013320790846155432,0.00031348003938410393
simulator,active_to_silent,nominal,rafts_exp3s,RAFTS-EXP3.S,20,0.05286208341457986,0.0037314983112103845,0.9471379165854202,0.0037314983112103853,1.1196642627423883,0.010736062040062689,2.0,0.0,0.18895238571161027,0.03754363624048688,1.0799999999999994,0.19553523844484982,0.029576923076923077,0.002580231944168079,0.4877692307692308,0.0012125840742105126,0.0,0.0,78.9,0.1348964515158903,0.08919060781063018,0.004058445377606391,0.9010171735437664,0.020900481999170765,0.009896691924838543,0.001483135054073898,100.6,55.97099259249807,0.0,0.0,0.0005218084615382675,0.00011466699688149074
simulator,active_to_silent,nominal,rafts_glr_klucb,RAFTS-GLR-KL-UCB*,20,0.08033559485942002,0.0040143786880445,0.91966440514058,0.004014378688044503,1.08779697457804,0.009891642483995731,2.0,0.0,0.04937289033570273,0.012260765941173242,0.24999999999999964,0.18112217452665247,0.05073076923076923,0.004058075124409783,0.11511538461538459,0.00048021211445322987,0.0,0.0,78.1,0.1348964515158903,0.08159123870366547,0.0029173588071589427,0.9005883978408018,0.0156279741768366,0.009700258089325927,0.0013565854070579444,1481.1,305.56161789693004,0.15,0.16055889229418857,0.006581646669231234,0.0013873905780777368
simulator,active_to_silent,nominal,rafts_klucb,RAFTS-KL-UCB,20,0.08033559485942002,0.0040143786880445,0.91966440514058,0.004014378688044503,1.08779697457804,0.009891642483995731,2.0,0.0,0.04937289033570273,0.012260765941173242,0.24999999999999964,0.18112217452665247,0.05073076923076923,0.0040889136788621406,0.11511538461538459,0.00048021211445322987,0.0,0.0,78.1,0.1348964515158903,0.08164491396546868,0.0029510564811570696,0.9005883978408018,0.0156279741768366,0.009699492178658144,0.0013951632626561044,1481.1,305.56161789693004,0.0,0.0,0.006602222069231105,0.001417145366745092
simulator,active_to_silent,nominal,rafts_linucb,RAFTS-LinUCB,20,0.0779459957679149,0.003401068171726986,0.9220540042320851,0.0034010681717269856,1.0888251467360583,0.008484745903330121,2.0,0.0,0.03933800446824375,0.008747366665395443,0.21749999999999972,0.1740453222885529,0.05034615384615384,0.0030498545998190424,0.15373076923076925,0.001615987202048542,0.0,0.0,78.35,0.21447168872174688,0.09665311045995247,0.004355299843409074,0.8983864769283306,0.013629497487915343,0.010247955193592725,0.0016688350380376447,847.05,315.9159334743143,0.0,0.0,0.003066806746153816,0.0006503975292325671
simulator,active_to_silent,nominal,rafts_swts,RAFTS-SWTS,20,0.060783169222495534,0.002122310525049829,0.9392168307775046,0.002122310525049829,1.109903763396694,0.010085943473155992,2.0,0.0,0.1239199739472477,0.023937511920465893,0.8124999999999997,0.1537850772994573,0.03907692307692308,0.0020684006883728216,0.38734615384615384,0.002823760444120595,0.0,0.0,71.35,1.5659032033000198,0.1295343326598281,0.002397466438868647,0.8971651135190077,0.016408173573433188,0.00872656758298433,0.0015026646826013293,182.6,91.20507716246134,0.0,0.0,0.00072758615384597,0.0001587816805869442
simulator,active_to_silent,nominal,rafts_swucb,RAFTS-SWUCB,20,0.0829038666746433,0.003486963211121983,0.9170961333253567,0.003486963211121986,1.0830620642697013,0.010399892663403713,2.0,0.0,0.040686532638289814,0.008974487383161998,0.14999999999999963,0.14378412180839203,0.05461538461538461,0.003281384885112976,0.11226923076923079,0.00043028008665769166,0.0,0.0,78.05,0.09799999999999999,0.10318505386026242,0.0022173421024323757,0.9109384060691978,0.012313008037866688,0.008389598375980639,0.0013124214506333865,1299.6,344.9135582374227,0.0,0.0,0.001300893530769127,0.00028115527387831494
simulator,active_to_silent,nominal,rafts_temporal,RAFTS-Temporal,20,0.08298930293606961,0.004464303849436861,0.9170106970639305,0.0044643038494368605,1.08465806763378,0.010398236899694152,2.0,0.0,0.04103813357500663,0.012692316853495549,0.1625,0.16006622806957452,0.05269230769230769,0.0034406763148516948,0.11076923076923077,0.0,0.0,0.0,78.0,0.0,0.07949365925107323,0.003333907809520881,0.891465233156653,0.012031969930873888,0.00984308213612325,0.0016124191202744578,1056.4,313.8001076032152,0.0,0.0,0.001197811500000031,0.00026757842517607835
simulator,active_to_silent,nominal,rafts_ts,RAFTS-TS,20,0.06199905026245063,0.003847214204350531,0.9380009497375493,0.003847214204350534,1.110243503867426,0.00846317214462431,2.0,0.0,0.10226291040344848,0.029178951081163605,0.8,0.22927987953131596,0.03892307692307692,0.0028489107120803934,0.3262692307692308,0.00711914749829362,0.0,0.0,78.75,0.19470625648856144,0.08322262905713547,0.003603122477781734,0.8904260558897258,0.017206904680960367,0.008043636142603812,0.001427132160699412,101.55,41.1500452874343,0.0,0.0,0.0007319858076923713,0.00018034170522347127
simulator,active_to_silent,nominal,rafts_ucb,RAFTS-UCB,20,0.08412743207443231,0.0038827081778346336,0.9158725679255676,0.003882708177834637,1.0827607517172713,0.010190817470889284,2.0,0.0,0.049496835428089095,0.013153608071632619,0.3849999999999998,0.21294610635211503,0.05446153846153847,0.0031994203772785163,0.1108076923076923,7.538461538461568e-05,0.0,0.0,78.1,0.1348964515158903,0.08062810549330053,0.0027393068413573704,0.9137882777600923,0.01303587228990261,0.00894254218366937,0.0010992969781119441,1600.25,364.1988759643338,0.0,0.0,0.001192696546154156,0.0002662800135914485
simulator,active_to_silent,nominal,random,Random,20,0.06580051861527168,0.0035620963015928044,0.9341994813847283,0.003562096301592807,1.1047426336726547,0.008969940248176394,2.0,0.0,0.11235003275005644,0.025338926083287635,0.7649999999999995,0.17300027989025143,0.039461538461538465,0.0033160212244697108,0.3198461538461539,0.002921886482502418,601.1,73.90537921594498,184.55,25.815621786246528,,,0.9003438959322903,0.017036002707273627,0.00994597512448353,0.0013892003370113326,0.0,0.0,0.0,0.0,0.0001617549692306896,4.061306019574436e-05
simulator,active_to_silent,nominal,sequential,Sequential,20,0.05252233152324295,0.0028342430240186002,0.9474776684767571,0.002834243024018603,1.120955699386688,0.009726703002795791,2.0,0.0,0.2116129974019158,0.03266426446044743,1.145,0.1554238957445766,0.029230769230769234,0.0020810868444310904,0.5,0.0,0.0,0.0,19.0,0.0,,,0.8987215582162733,0.01923192496605729,0.009648545178042464,0.0021964356686258527,0.0,0.0,0.0,0.0,3.2311123077166625e-05,8.275707882255259e-06
simulator,agile,nominal,coverage_sweep,Coverage Sweep,20,0.09038461538461538,0.010484183041691771,0.9096153846153845,0.010484183041691771,1.8673076923076923,0.014831916144944854,2.0,0.0,0.521262022291434,0.056401303393657606,1.0,0.0,0.004384615384615385,0.0015778726873159836,0.4981538461538461,0.00038516495149866975,0.0,0.0,37.5,0.26601938987501206,,,0.8821753042708925,0.039516945519007696,0.00945789407165669,0.0016649435690494515,0.0,0.0,0.0,0.0,1.6816846154072732e-05,4.829799983313156e-07
simulator,agile,nominal,rafts_cpts,RAFTS-CP-TS,20,0.09384615384615384,0.01328859597300127,0.9061538461538461,0.013288595973001265,1.8523076923076924,0.022985314526869038,2.0,0.0,0.44497911810411805,0.07029599201894511,1.0,0.0,0.007423076923076924,0.002551791061329065,0.38934615384615384,0.006704592856321991,0.0,0.0,78.75,0.19470625648856144,0.04551096608201542,0.002818562356205891,0.8794432296090449,0.038558960977081766,0.009592428842929069,0.0016450539660223479,27.6,19.189991558101323,0.0,0.0,0.00022341519230758425,1.3274810894650757e-05
simulator,agile,nominal,rafts_cusum_ucb,RAFTS-CUSUM-UCB,20,0.10615384615384618,0.010000899367840897,0.8938461538461538,0.0100008993678409,1.808846153846154,0.018858845928640483,2.0,0.0,0.19978646761734997,0.05156757362998358,0.8774999999999998,0.13867952264123212,0.008269230769230772,0.002445494143721473,0.11138461538461537,0.00044564594851682513,0.0,0.0,78.15,0.16055889229418857,0.03948811453749497,0.001875691250528354,0.8910876758023656,0.03504940394384161,0.010393592264545809,0.0012046481133531003,383.3,159.5775608048358,0.1,0.1348964515158903,0.0003426037615386471,2.5745176449949007e-05
simulator,agile,nominal,rafts_dts,RAFTS-DTS,20,0.08846153846153848,0.010405434222155454,0.9115384615384615,0.010405434222155457,1.8557692307692306,0.01977546806880668,2.0,0.0,0.38404456654456653,0.06271758494749392,0.9675,0.06370000000000002,0.00673076923076923,0.0019035646542799594,0.4183076923076923,0.003361707237816419,0.0,0.0,77.4,0.7967904036623564,0.07467820182708149,0.0030622926509831475,0.9102997793269532,0.026112976551438814,0.009998457955973133,0.0018480814980157726,38.2,45.59167464166652,0.0,0.0,0.00020972973846171671,1.0533796064479515e-05
simulator,agile,nominal,rafts_ducb,RAFTS-DUCB,20,0.09538461538461539,0.011282536120118347,0.9046153846153846,0.011282536120118345,1.8265384615384614,0.019914128639344008,2.0,0.0,0.17655195294901177,0.033139839710356035,0.8424999999999997,0.12299416117934439,0.0073076923076923084,0.0020911231464700725,0.11076923076923077,0.0,0.0,0.0,78.25,0.19470625648856144,0.04919484891195161,0.0018979068681812066,0.8969555176344282,0.027742483649905354,0.009483845760642507,0.0011022386973700042,364.2,164.79052943150523,0.0,0.0,0.0003477011769233426,1.955427400531561e-05
simulator,agile,nominal,rafts_exp3s,RAFTS-EXP3.S,20,0.09,0.010666604121066497,0.9099999999999998,0.010666604121066497,1.8646153846153843,0.017582562636764287,2.0,0.0,0.502685508935509,0.0680967452855756,1.0,0.0,0.0041153846153846145,0.0012954661133931138,0.48788461538461536,0.0010541085402839085,0.0,0.0,78.85,0.16055889229418857,0.04552973792770425,0.0026268101414661897,0.9111448581088674,0.030981136567852174,0.010348097329112666,0.0014646585696346185,0.3,0.5880000000000001,0.0,0.0,0.0001704136076922833,1.1309991871964385e-05
simulator,agile,nominal,rafts_glr_klucb,RAFTS-GLR-KL-UCB*,20,0.09576923076923077,0.010963896471995952,0.9042307692307692,0.010963896471995957,1.8307692307692307,0.020345762377321202,2.0,0.0,0.2316793051719522,0.06510945253462717,0.8274999999999999,0.1623551321867234,0.007038461538461538,0.0020703519079456876,0.11930769230769231,0.0009338985104946248,0.0,0.0,78.4,0.2202849828840144,0.03825746896080472,0.0026640896821557196,0.9049515487802605,0.028109085353654528,0.01024954958781131,0.0015023738346163955,290.05,141.37540524507975,0.0,0.0,0.003265242899999765,4.9589683702427703e-05
simulator,agile,nominal,rafts_klucb,RAFTS-KL-UCB,20,0.09576923076923077,0.010963896471995952,0.9042307692307692,0.010963896471995957,1.8307692307692307,0.020345762377321202,2.0,0.0,0.2316793051719522,0.06510945253462717,0.8274999999999999,0.1623551321867234,0.007038461538461538,0.0020703519079456876,0.11930769230769231,0.0009338985104946248,0.0,0.0,78.4,0.2202849828840144,0.03825746896080472,0.0026640896821557196,0.9049515487802605,0.028109085353654528,0.01024954958781131,0.0015023738346163955,290.05,141.37540524507975,0.0,0.0,0.003234728453846121,5.346115794352825e-05
simulator,agile,nominal,rafts_linucb,RAFTS-LinUCB,20,0.09769230769230769,0.009351787009660663,0.9023076923076921,0.009351787009660665,1.8215384615384616,0.017418491589920777,2.0,0.0,0.17180461695167576,0.04337886473724334,0.7599999999999998,0.16065331093939364,0.007846153846153846,0.0018224081521605834,0.14496153846153845,0.002035972324807212,0.0,0.0,78.65,0.21447168872174688,0.03444929236663424,0.002544568768151952,0.8961092396554167,0.027141352409310662,0.01048150148957091,0.0013530646030379253,126.0,82.65715168217766,0.0,0.0,0.0012724594923077418,2.219095852336472e-05
simulator,agile,nominal,rafts_swts,RAFTS-SWTS,20,0.0826923076923077,0.012465184152076873,0.9173076923076922,0.012465184152076876,1.8642307692307696,0.02228967889211667,2.0,0.0,0.37450298067945126,0.05521854606617297,0.99,0.019600000000000017,0.005461538461538462,0.0022198918387549395,0.4097307692307692,0.0033575675042079177,0.0,0.0,68.35,1.094750247893627,0.09276078306907092,0.003167416037314861,0.849985948928499,0.03320753744839778,0.011075316859634112,0.0011995352676861038,45.05,53.72885661796353,0.0,0.0,0.0002266824846154542,1.0832880467486741e-05
simulator,agile,nominal,rafts_swucb,RAFTS-SWUCB,20,0.10269230769230768,0.01027672610056326,0.8973076923076923,0.010276726100563262,1.8153846153846154,0.01878654540844806,2.0,0.0,0.20042469785116843,0.042790363032920616,0.9049999999999997,0.0901835438367078,0.008653846153846154,0.002403550653902173,0.1119230769230769,0.00048300677692834026,0.0,0.0,78.0,0.0,0.06732253827667103,0.002294987075366782,0.8900497652535954,0.02477486891417173,0.00933182953072147,0.0013950971490484933,381.65,173.0839563187396,0.0,0.0,0.000392455553846118,2.646976137928063e-05
simulator,agile,nominal,rafts_temporal,RAFTS-Temporal,20,0.09192307692307691,0.00962757057771589,0.908076923076923,0.00962757057771589,1.8323076923076926,0.01721120346630771,2.0,0.0,0.17123331325537205,0.03911417856564261,0.7874999999999999,0.14995752907512117,0.006615384615384615,0.0022480081082342685,0.11076923076923077,0.0,0.0,0.0,78.0,0.0,0.03656338252653736,0.0016994920735658183,0.9070468510129635,0.02667712081060409,0.00987315922159095,0.001508789650609712,485.0,245.84147871513076,0.0,0.0,0.00034294663846174865,3.0490679658039797e-05
simulator,agile,nominal,rafts_ts,RAFTS-TS,20,0.09384615384615384,0.01328859597300127,0.9061538461538461,0.013288595973001265,1.8523076923076924,0.022985314526869038,2.0,0.0,0.44497911810411805,0.07029599201894511,1.0,0.0,0.007423076923076924,0.002551791061329065,0.38934615384615384,0.006704592856321991,0.0,0.0,78.75,0.19470625648856144,0.04551096608201542,0.002818562356205891,0.8794432296090449,0.038558960977081766,0.009592428842929069,0.0016450539660223479,27.6,19.189991558101323,0.0,0.0,0.00019856636923060042,1.2156957153527061e-05
simulator,agile,nominal,rafts_ucb,RAFTS-UCB,20,0.10653846153846155,0.010159641947898488,0.8934615384615384,0.010159641947898488,1.8073076923076925,0.019489050659507377,2.0,0.0,0.19337715389185978,0.0504582888745115,0.8774999999999998,0.13867952264123212,0.008423076923076924,0.002514479749092335,0.11134615384615384,0.0004493221303582181,0.0,0.0,78.15,0.16055889229418857,0.03964443327570299,0.0019026538255114838,0.8927808676679714,0.03478856123277883,0.010394062771838367,0.001204068059781129,383.25,159.55911020519537,0.0,0.0,0.00033947845384654313,2.8756194413205732e-05
simulator,agile,nominal,random,Random,20,0.09346153846153847,0.008971452700803424,0.9065384615384614,0.008971452700803427,1.8461538461538463,0.01644334383647217,2.0,0.0,0.3577203717335296,0.047029827689176594,1.0,0.0,0.006615384615384615,0.0017886139763514863,0.3198461538461539,0.002921886482502418,601.1,73.90537921594498,184.55,25.815621786246528,,,0.9163721614524165,0.02061182874107233,0.009753787543284908,0.0013150654960009131,0.0,0.0,0.0,0.0,8.834959999988385e-05,6.0255354802052625e-06
simulator,agile,nominal,sequential,Sequential,20,0.09538461538461537,0.010283999600023299,0.9046153846153846,0.010283999600023302,1.8584615384615382,0.01582793496895602,2.0,0.0,0.5193396023910729,0.06058994301524068,1.0,0.0,0.004692307692307693,0.001321184787691112,0.5,0.0,0.0,0.0,19.0,0.0,,,0.8974853436037646,0.03846527317415807,0.009912234878615077,0.0021509223996085225,0.0,0.0,0.0,0.0,1.5844146153960116e-05,4.0606741983052427e-07
simulator,agile_low_pd,low_pd,coverage_sweep,Coverage Sweep,20,0.047307692307692314,0.008058159040718053,0.9526923076923076,0.008058159040718053,1.9319230769230766,0.012094968853473326,2.0,0.0,0.5681547619047619,0.08336460772796465,0.9925,0.014700000000000032,7.692307692307687e-05,0.0013302093788540976,0.4981538461538461,0.00038516495149866975,0.0,0.0,37.5,0.26601938987501206,,,0.4597702746599806,0.057463431885586176,0.00945789407165669,0.0016649435690494515,0.0,0.0,0.0,0.0,4.635569230763044e-05,1.0429072339825478e-05
simulator,agile_low_pd,low_pd,rafts_cpts,RAFTS-CP-TS,20,0.04692307692307692,0.009653941157975679,0.9530769230769229,0.009653941157975684,1.9276923076923076,0.015865683496141942,2.0,0.0,0.4782738095238096,0.09521676199995978,0.9724999999999999,0.026098386721667026,0.0003461538461538463,0.0016533136888824678,0.4095384615384615,0.004327614659980931,0.0,0.0,78.7,0.2060577333508359,0.03400555310252777,0.0018422689730832054,0.47212406015037595,0.07375015053892825,0.008943052323572627,0.0016760174289925575,3.05,4.095254737915708,0.0,0.0,0.00044849755384571984,8.341827595054819e-05
simulator,agile_low_pd,low_pd,rafts_cusum_ucb,RAFTS-CUSUM-UCB,20,0.07115384615384615,0.009077509759397268,0.9288461538461539,0.009077509759397265,1.8903846153846149,0.01665569970330471,2.0,0.0,0.47159423909423903,0.08536366842878508,0.95,0.098,0.0003461538461538461,0.0016641327400161463,0.11142307692307693,0.0002950206512732116,0.0,0.0,78.25,0.19470625648856144,0.029492595670044912,0.0016952839827129357,0.4500891583788003,0.03769218739758692,0.00955341309215128,0.0011045652330237098,6.15,11.05115389069347,0.0,0.0,0.0006687769461535098,0.0001109223567258499
simulator,agile_low_pd,low_pd,rafts_dts,RAFTS-DTS,20,0.043846153846153854,0.006387238132582583,0.9561538461538459,0.006387238132582585,1.9338461538461533,0.010342003441864088,2.0,0.0,0.47818181818181815,0.0977331808260741,0.89,0.13482148821389905,-0.0008461538461538463,0.0010254874648875747,0.4229615384615385,0.0028105954931025978,0.0,0.0,77.05,1.0873375498751163,0.0641932538355507,0.0017754509122276066,0.4171255978283842,0.04567767261958842,0.009928140063555533,0.0015329373970443794,49.8,94.95999058218372,0.0,0.0,0.0004664870923075237,7.728704154044426e-05
simulator,agile_low_pd,low_pd,rafts_ducb,RAFTS-DUCB,20,0.06307692307692307,0.008007893956477411,0.9369230769230767,0.008007893956477417,1.9,0.013171035481169133,2.0,0.0,0.4097150072150072,0.07923706998031879,0.9200000000000002,0.10410262143420639,-0.0009615384615384616,0.001425609738586192,0.11076923076923077,0.0,0.0,0.0,78.25,0.19470625648856144,0.041570685356187374,0.0015051074005331354,0.44524200957383747,0.06077623281856927,0.009929134508008123,0.0010056857061948661,8.3,15.46257011386903,0.0,0.0,0.0007011774307692785,0.00013222593922471377
simulator,agile_low_pd,low_pd,rafts_exp3s,RAFTS-EXP3.S,20,0.04307692307692308,0.008845549002381634,0.9569230769230768,0.008845549002381633,1.9365384615384613,0.01374334979749049,2.0,0.0,0.5466071428571428,0.08549266780951324,0.9774999999999998,0.021884613676952935,-0.0008076923076923077,0.001190554490047142,0.48788461538461547,0.0010765687676267891,0.0,0.0,78.85,0.16055889229418857,0.03648723752667105,0.0022734456690213915,0.4301446919093978,0.06941142027587635,0.010341701449590589,0.0016154836254185163,0.0,0.0,0.0,0.0,0.0003917271307690009,7.490914283536869e-05
simulator,agile_low_pd,low_pd,rafts_glr_klucb,RAFTS-GLR-KL-UCB*,20,0.06769230769230769,0.00822894451755125,0.9323076923076922,0.008228944517551249,1.891153846153846,0.013541649882205378,2.0,0.0,0.39035450660450655,0.05671228500922815,0.9775,0.03055916608120954,0.00026923076923076917,0.001850664227134279,0.11888461538461537,0.0009439330112574262,0.0,0.0,78.25,0.19470625648856144,0.029655833475456785,0.0016204110022063286,0.48066234716392653,0.032742945543345274,0.009572349971055532,0.001260561913759272,82.25,86.41084721747671,0.0,0.0,0.006670071500000212,0.0011006321939270249
simulator,agile_low_pd,low_pd,rafts_klucb,RAFTS-KL-UCB,20,0.06769230769230769,0.00822894451755125,0.9323076923076922,0.008228944517551249,1.891153846153846,0.013541649882205378,2.0,0.0,0.39035450660450655,0.05671228500922815,0.9775,0.03055916608120954,0.00026923076923076917,0.001850664227134279,0.11888461538461537,0.0009439330112574262,0.0,0.0,78.25,0.19470625648856144,0.029655833475456785,0.0016204110022063286,0.48066234716392653,0.032742945543345274,0.009572349971055532,0.001260561913759272,82.25,86.41084721747671,0.0,0.0,0.1341645342000002,0.25029262577376116
simulator,agile_low_pd,low_pd,rafts_linucb,RAFTS-LinUCB,20,0.061153846153846156,0.00962757057771589,0.9388461538461537,0.00962757057771588,1.903461538461538,0.01544828081876336,2.0,0.0,0.4048215673215673,0.08026742547584245,0.9400000000000001,0.09789678775440785,-0.0009230769230769232,0.0014658484925723326,0.1391153846153846,0.0014726680863087452,0.0,0.0,78.6,0.2202849828840144,0.022597245984242273,0.0019015088121805115,0.4540955285556012,0.04066323271745455,0.010114880782155207,0.000921515759814069,0.7,1.372,0.0,0.0,0.0027595894384612623,0.00043907748223756884
simulator,agile_low_pd,low_pd,rafts_swts,RAFTS-SWTS,20,0.04884615384615385,0.0071953919646367175,0.9511538461538459,0.007195391964636718,1.9257692307692307,0.011692611864784187,2.0,0.0,0.47690476190476183,0.08945484861940389,0.945,0.0481676676882566,-0.00042307692307692304,0.0011126373537833183,0.41592307692307695,0.0030628212070730513,0.0,0.0,65.9,0.6500584589096582,0.08431114721611678,0.0019289587528592532,0.4480048336266368,0.0569017938857571,0.0106287090842445,0.0015109634993045057,0.0,0.0,0.0,0.0,0.0004929067846153954,8.81389338265107e-05
simulator,agile_low_pd,low_pd,rafts_swucb,RAFTS-SWUCB,20,0.06807692307692308,0.006854787805013338,0.9319230769230769,0.006854787805013332,1.892692307692308,0.012203291518546946,2.0,0.0,0.42277056277056274,0.07190792737810887,0.96,0.05802115766547676,0.00015384615384615385,0.001668171794165384,0.11092307692307693,0.00023459288403421152,0.0,0.0,78.0,0.0,0.058391663620117384,0.0017081292436071992,0.4274735247837456,0.03556596677916466,0.009101855207818848,0.001186804778049966,20.25,28.433647358460068,0.0,0.0,0.0007802417384616721,0.0001354757824204005
simulator,agile_low_pd,low_pd,rafts_temporal,RAFTS-Temporal,20,0.06500000000000002,0.008292307692307693,0.9349999999999999,0.008292307692307689,1.8938461538461535,0.012642680059155522,2.0,0.0,0.3510551948051948,0.07623986430376174,0.875,0.13536403160600521,-0.000423076923076923,0.0018154195769638337,0.11076923076923077,0.0,0.0,0.0,78.0,0.0,0.029137648614449712,0.001723935323546384,0.48691630954770354,0.04680169535316917,0.00987315922159095,0.001508789650609712,75.45,89.2067461916713,0.0,0.0,0.0006953349230769582,0.000147836171875889
simulator,agile_low_pd,low_pd,rafts_ts,RAFTS-TS,20,0.04692307692307692,0.009653941157975679,0.9530769230769229,0.009653941157975684,1.9276923076923076,0.015865683496141942,2.0,0.0,0.4782738095238096,0.09521676199995978,0.9724999999999999,0.026098386721667026,0.0003461538461538463,0.0016533136888824678,0.4095384615384615,0.004327614659980931,0.0,0.0,78.7,0.2060577333508359,0.03400555310252777,0.0018422689730832054,0.47212406015037595,0.07375015053892825,0.008943052323572627,0.0016760174289925575,3.05,4.095254737915708,0.0,0.0,0.00043639497692283147,8.255444211133895e-05
simulator,agile_low_pd,low_pd,rafts_ucb,RAFTS-UCB,20,0.07115384615384615,0.009077509759397268,0.9288461538461539,0.009077509759397265,1.8903846153846149,0.01665569970330471,2.0,0.0,0.47159423909423903,0.08536366842878508,0.95,0.098,0.0003461538461538461,0.0016641327400161463,0.11142307692307693,0.0002950206512732116,0.0,0.0,78.25,0.19470625648856144,0.029492595670044912,0.0016952839827129357,0.4500891583788003,0.03769218739758692,0.00955341309215128,0.0011045652330237098,6.15,11.05115389069347,0.0,0.0,0.0006767161076920904,0.00011297897915428587
simulator,agile_low_pd,low_pd,random,Random,20,0.05653846153846154,0.007755538501774522,0.9434615384615382,0.0077555385017745206,1.914230769230769,0.011589840265680652,2.0,0.0,0.467936507936508,0.0950338357707699,0.9225,0.10016181381828317,0.00015384615384615385,0.0012689907269023623,0.3198461538461539,0.002921886482502418,601.1,73.90537921594498,184.55,25.815621786246528,,,0.46142071102953724,0.04578816602727912,0.009753787543284908,0.0013150654960009131,0.0,0.0,0.0,0.0,0.00022645553076934164,4.2419497349415634e-05
simulator,agile_low_pd,low_pd,sequential,Sequential,20,0.04923076923076923,0.005930749539185004,0.9507692307692306,0.005930749539185,1.924230769230769,0.010732296990486064,2.0,0.0,0.4719642857142857,0.09638471062113775,0.9274999999999999,0.10091596034637723,7.692307692307689e-05,0.0011466602690668644,0.5,0.0,0.0,0.0,19.0,0.0,,,0.4808689592571171,0.06318653490181673,0.009912234878615077,0.0021509223996085225,0.0,0.0,0.0,0.0,4.876006153846482e-05,1.0255894509775522e-05
simulator,all_active,nominal,coverage_sweep,Coverage Sweep,20,1.0,0.0,0.0,0.0,11.070000000000002,0.6639607058760092,24.042500000000008,2.8429182681663003,11.070000000000002,0.6639607058760092,24.042500000000008,2.8429182681663003,0.4513461538461538,0.002343058421271998,0.4981538461538461,0.00038516495149866975,0.0,0.0,37.5,0.26601938987501206,,,0.8993731262717641,0.004678607047470385,,,0.0,0.0,0.0,0.0,3.501693076913608e-05,7.351619001323489e-06
simulator,all_active,nominal,rafts_cpts,RAFTS-CP-TS,20,1.0,0.0,0.0,0.0,65.245,3.2068374612938975,121.76500000000001,18.463098292825237,65.245,3.2068374612938975,121.76500000000001,18.463098292825237,0.793923076923077,0.0027733688380609826,0.11669230769230769,0.0013400662352260416,0.0,0.0,78.1,0.1348964515158903,0.10035788816718794,0.0023435810951655577,0.8988107501921192,0.003060233083120738,,,8123.6,552.1890012240755,0.0,0.0,0.0019356354000000671,0.0004334460373430711
simulator,all_active,nominal,rafts_cusum_ucb,RAFTS-CUSUM-UCB,20,1.0,0.0,0.0,0.0,72.5025,3.659721330993155,122.24250000000002,18.485221364945907,72.5025,3.659721330993155,122.24250000000002,18.485221364945907,0.8009615384615385,0.004123004939247152,0.11076923076923077,0.0,0.0,0.0,78.0,0.0,0.10007068088956168,0.003752452572041842,0.9007352941176471,0.004636597250018418,,,10786.0,53.02553609247847,1.4,0.4359565405670133,0.0020245621692307537,0.0004653323019879311
simulator,all_active,nominal,rafts_dts,RAFTS-DTS,20,1.0,0.0,0.0,0.0,65.325,3.0381206257885984,124.93000000000002,17.648085152965336,65.325,3.0381206257885984,124.93000000000002,17.648085152965336,0.7867307692307692,0.003367529842590108,0.12315384615384617,0.0016145984591737468,0.0,0.0,78.15,0.16055889229418857,0.10991339313333663,0.002521369598047203,0.897223516749872,0.0032315128888456817,,,6544.25,516.1051162118043,0.0,0.0,0.0019431013230771965,0.0004125212919213745
simulator,all_active,nominal,rafts_ducb,RAFTS-DUCB,20,1.0,0.0,0.0,0.0,72.5025,3.659721330993155,122.24250000000002,18.485221364945907,72.5025,3.659721330993155,122.24250000000002,18.485221364945907,0.8009615384615385,0.004123004939247152,0.11076923076923077,0.0,0.0,0.0,78.0,0.0,0.10795970259660267,0.0034595742370791857,0.9007352941176471,0.004636597250018418,,,10786.0,53.02553609247847,0.0,0.0,0.001955337323076702,0.00041227043407214103
simulator,all_active,nominal,rafts_exp3s,RAFTS-EXP3.S,20,1.0,0.0,0.0,0.0,19.645,1.1752239105804474,57.352500000000006,6.040215615661759,19.645,1.1752239105804474,57.352500000000006,6.040215615661759,0.4619615384615384,0.0029420339689035734,0.4871153846153845,0.001246518415207688,0.0,0.0,78.95,0.09799999999999999,0.10595904562127641,0.004727762521522066,0.9007358734686314,0.006038314193580138,,,282.1,48.97232523740213,0.0,0.0,0.001340462284615149,0.00029992320955270896
simulator,all_active,nominal,rafts_glr_klucb,RAFTS-GLR-KL-UCB*,20,1.0,0.0,0.0,0.0,72.5025,3.659721330993155,122.24250000000002,18.485221364945907,72.5025,3.659721330993155,122.24250000000002,18.485221364945907,0.8009615384615385,0.004123004939247152,0.11076923076923077,0.0,0.0,0.0,78.0,0.0,0.09968106601374953,0.0036668441026463956,0.9007352941176471,0.004636597250018418,,,10786.0,53.02553609247847,0.0,0.0,0.005111746569230981,0.0010733637680964642
simulator,all_active,nominal,rafts_klucb,RAFTS-KL-UCB,20,1.0,0.0,0.0,0.0,72.5025,3.659721330993155,122.24250000000002,18.485221364945907,72.5025,3.659721330993155,122.24250000000002,18.485221364945907,0.8009615384615385,0.004123004939247152,0.11076923076923077,0.0,0.0,0.0,78.0,0.0,0.09968106601374953,0.0036668441026463956,0.9007352941176471,0.004636597250018418,,,10786.0,53.02553609247847,0.0,0.0,0.005142409400000151,0.001103143545469826
simulator,all_active,nominal,rafts_linucb,RAFTS-LinUCB,20,1.0,0.0,0.0,0.0,72.5025,3.659721330993155,122.24250000000002,18.485221364945907,72.5025,3.659721330993155,122.24250000000002,18.485221364945907,0.8005769230769231,0.004365427366071501,0.11096153846153847,0.0001497740434527401,0.0,0.0,78.0,0.0,0.13500634733186076,0.004191528658849833,0.9004949894396261,0.0048140481186616626,,,10716.6,75.4965519128976,0.0,0.0,0.0038519757692307534,0.0008796262045745099
simulator,all_active,nominal,rafts_swts,RAFTS-SWTS,20,1.0,0.0,0.0,0.0,65.99499999999999,3.605862445635177,114.45500000000004,15.105121640235659,65.99499999999999,3.605862445635177,114.45500000000004,15.105121640235659,0.787076923076923,0.0030968115126190836,0.12634615384615383,0.0016070785105733593,0.0,0.0,78.2,0.17986193535452039,0.11514195905568803,0.002180396376986703,0.9009058661247235,0.0033288505889617057,,,5728.3,448.3046358528516,0.0,0.0,0.001946130261537921,0.00040312676736820133
simulator,all_active,nominal,rafts_swucb,RAFTS-SWUCB,20,1.0,0.0,0.0,0.0,72.5025,3.659721330993155,122.24250000000002,18.485221364945907,72.5025,3.659721330993155,122.24250000000002,18.485221364945907,0.8009615384615385,0.004123004939247152,0.11076923076923077,0.0,0.0,0.0,78.0,0.0,0.11675684515884048,0.003332825211920698,0.9007352941176471,0.004636597250018418,,,10786.0,53.02553609247847,0.0,0.0,0.0019547787923076196,0.0004259594712184062
simulator,all_active,nominal,rafts_temporal,RAFTS-Temporal,20,1.0,0.0,0.0,0.0,70.9275,3.4594904080925284,111.94500000000001,16.049152055580937,70.9275,3.4594904080925284,111.94500000000001,16.049152055580937,0.7999230769230768,0.003013201638970989,0.11076923076923077,0.0,0.0,0.0,78.0,0.0,0.10073524252527395,0.002644498247178261,0.8995674740484431,0.0033885485559362384,,,10819.3,24.239732515460073,0.0,0.0,0.0019325878153845573,0.0004053029353174799
simulator,all_active,nominal,rafts_ts,RAFTS-TS,20,1.0,0.0,0.0,0.0,65.245,3.2068374612938975,121.76500000000001,18.463098292825237,65.245,3.2068374612938975,121.76500000000001,18.463098292825237,0.793923076923077,0.0027733688380609826,0.11669230769230769,0.0013400662352260416,0.0,0.0,78.1,0.1348964515158903,0.10035788816718794,0.0023435810951655577,0.8988107501921192,0.003060233083120738,,,8123.6,552.1890012240755,0.0,0.0,0.0018821880000002866,0.00040100281771687264
simulator,all_active,nominal,rafts_ucb,RAFTS-UCB,20,1.0,0.0,0.0,0.0,72.5025,3.659721330993155,122.24250000000002,18.485221364945907,72.5025,3.659721330993155,122.24250000000002,18.485221364945907,0.8009615384615385,0.004123004939247152,0.11076923076923077,0.0,0.0,0.0,78.0,0.0,0.09968106601374953,0.0036668441026463956,0.9007352941176471,0.004636597250018418,,,10786.0,53.02553609247847,0.0,0.0,0.0019479599846153387,0.0004140029700095635
simulator,all_active,nominal,random,Random,20,1.0,0.0,0.0,0.0,26.679999999999996,2.520829752283958,74.63250000000002,8.341113235401465,26.679999999999996,2.520829752283958,74.63250000000002,8.341113235401465,0.6116538461538461,0.004955114518140363,0.3198461538461539,0.002921886482502418,601.1,73.90537921594498,184.55,25.815621786246528,,,0.8992608287068815,0.005347103460621449,,,0.0,0.0,0.0,0.0,0.00016582680769240072,3.417419248543619e-05
simulator,all_active,nominal,sequential,Sequential,20,1.0,0.0,0.0,0.0,11.1,0.6804512434677755,24.425000000000004,3.6159316117776115,11.1,0.6804512434677755,24.425000000000004,3.6159316117776115,0.44880769230769235,0.0030478925843695445,0.5,0.0,0.0,0.0,19.0,0.0,,,0.8976153846153847,0.006095785168739089,,,0.0,0.0,0.0,0.0,3.290375384606775e-05,6.754984057217283e-06
simulator,bursty,nominal,coverage_sweep,Coverage Sweep,20,0.20384781535724933,0.016921596723365472,0.7961521846427508,0.016921596723365472,3.9105487115958817,0.13714099450465891,7.9925,0.08944486981846478,2.2929846542346537,0.3436091964884118,5.267499999999999,0.6188790762763201,0.0038461538461538464,0.0011100806460781394,0.4981538461538461,0.00038516495149866975,0.0,0.0,37.5,0.26601938987501206,,,0.9131795981795982,0.029708377558833567,0.009682173838152678,0.0016214628287283487,0.0,0.0,0.0,0.0,3.2677992308331e-05,1.3955656748674701e-05
simulator,bursty,nominal,rafts_cpts,RAFTS-CP-TS,20,0.14864612745744823,0.0204007084413515,0.8513538725425519,0.020400708441351497,4.031053522647862,0.14002296568660688,8.055,0.10779999999999944,1.6590517815517813,0.307224861509389,4.3149999999999995,0.7202236801672686,0.007192307692307692,0.0025306052147730266,0.3129230769230769,0.01992076607672944,0.0,0.0,78.3,0.2060577333508359,0.045483857370783115,0.0025401286110906963,0.9059999237192183,0.03252193592877413,0.011462387173295455,0.0012559966337678482,656.3,188.85054087349212,0.0,0.0,0.00047885013846140425,0.00018570301799873923
simulator,bursty,nominal,rafts_cusum_ucb,RAFTS-CUSUM-UCB,20,0.1328795477757742,0.0154065425013095,0.867120452224226,0.015406542501309503,4.019901193844591,0.13029136563069002,7.967499999999999,0.06370000000000055,0.7795779220779221,0.263238573889053,2.564999999999999,0.8302831235567526,0.01003846153846154,0.0027638079833212353,0.11465384615384615,0.0010461335435038752,0.0,0.0,78.2,0.17986193535452039,0.03929001309814321,0.002306207539220413,0.9085876327735226,0.02012432371207289,0.009600075705508169,0.0013867828715317593,1704.9,357.07016538136264,3.65,0.7005818634309776,0.0007108750230770685,0.0002964575164103536
simulator,bursty,nominal,rafts_dts,RAFTS-DTS,20,0.19261366690611975,0.023876550486056167,0.8073863330938803,0.02387655048605617,3.9307975106654354,0.12478778145882378,8.0,0.0,2.132149957885251,0.27650490098371616,5.264999999999999,0.5051417331069722,0.013538461538461541,0.0030614537452930213,0.3915384615384615,0.008489427429183074,0.0,0.0,77.75,0.6496695516305112,0.07767558533737592,0.003745067911313205,0.883700995288795,0.03313698619659851,0.008472892937250258,0.0013197323639542364,841.4,313.5372414834522,0.0,0.0,0.00046537126153816646,0.00016135228133633354
simulator,bursty,nominal,rafts_ducb,RAFTS-DUCB,20,0.10616476325910287,0.018109331299721726,0.893835236740897,0.018109331299721716,4.094558851700361,0.16254581784852606,8.067499999999999,0.15417899884293693,1.1730357142857142,0.41951204561743943,2.9974999999999996,0.8810101316700409,0.007423076923076924,0.003839633193188811,0.11092307692307693,0.0001383553348880931,0.0,0.0,78.1,0.1348964515158903,0.0468794489711335,0.0031591285288325626,0.8926133242333035,0.03241560289652557,0.008903334285486805,0.0012575944310346452,1598.45,420.5243706909893,0.0,0.0,0.0007141886923074289,0.00029799357804068935
simulator,bursty,nominal,rafts_exp3s,RAFTS-EXP3.S,20,0.17071994253126327,0.02580695412390683,0.8292800574687368,0.02580695412390683,3.94224772397414,0.1663319404816257,7.834999999999999,0.15250194821878973,2.2030433455433456,0.22923452092882554,4.705,0.45150025703787033,0.0025384615384615385,0.0014181421826029495,0.48803846153846153,0.0010403996908215037,0.0,0.0,78.9,0.1348964515158903,0.04246998160461386,0.002566260921157836,0.8934052752802752,0.03749781548188307,0.010241047510357853,0.0016731836503289371,1.8,3.5280000000000005,0.0,0.0,0.0003031669769229316,0.00012067356080561915
simulator,bursty,nominal,rafts_glr_klucb,RAFTS-GLR-KL-UCB*,20,0.11980468448392975,0.013476074321266632,0.8801953155160703,0.013476074321266629,4.126124241935563,0.15592768842340685,8.1,0.13564380599667245,1.021785714285714,0.4764215741502366,2.817499999999999,0.958151974265812,0.007192307692307692,0.0031819377152598714,0.12180769230769231,0.001764623855910822,0.0,0.0,78.35,0.21447168872174688,0.03687693812029903,0.0030772776473341414,0.8809611091616241,0.029222439300233823,0.009060506130800387,0.0015004011037944812,1245.15,345.9236864947315,1.45,0.6741074410694954,0.006638774615384907,0.0026486860390746983
simulator,bursty,nominal,rafts_klucb,RAFTS-KL-UCB,20,0.10957588218908973,0.012456063743148069,0.8904241178109101,0.012456063743148069,4.158643476369892,0.16528563424341755,8.1,0.13564380599667245,1.005436507936508,0.476937537365647,2.7424999999999997,0.9574659128191072,0.006884615384615383,0.003240061804701746,0.12165384615384615,0.0013183519339927206,0.0,0.0,78.3,0.2060577333508359,0.03507378773664323,0.002931140774028414,0.8907467947505344,0.03288828375240017,0.008740330381748347,0.0013417593790540927,1227.0,367.4525855729015,0.0,0.0,0.006615195015384626,0.002643390600747326
simulator,bursty,nominal,rafts_linucb,RAFTS-LinUCB,20,0.13917724413950827,0.025308983362775175,0.8608227558604918,0.025308983362775175,4.04033047455689,0.13341147624003385,8.044999999999998,0.08819999999999915,1.1639059770638718,0.18506881233544448,3.86578947368421,0.5853699258917424,0.012,0.004075615648583629,0.1454230769230769,0.0023215137781974573,0.0,0.0,78.45,0.22370045761428853,0.03486918171503881,0.0035093022221779203,0.9010641562109816,0.02675158422278739,0.009683085344310135,0.0011441465189303017,1544.95,407.73282718208344,0.0,0.0,0.002595445315384635,0.0011131878883627344
simulator,bursty,nominal,rafts_swts,RAFTS-SWTS,20,0.17111034877072612,0.01776163818764587,0.8288896512292739,0.01776163818764586,3.956008989263706,0.14197839116438155,7.957499999999999,0.15726272185171702,2.215373654123654,0.29063636967733963,4.8199999999999985,0.39689522414280626,0.011961538461538463,0.0023496869660378406,0.3875,0.007691544860961167,0.0,0.0,69.8,1.6800491220888687,0.09889282569664196,0.0031308991110226645,0.9090185744658197,0.021096657977619365,0.010180579308935844,0.0014678628785305611,948.65,227.23378663301577,0.0,0.0,0.0004925914076919491,0.00018778404939915597
simulator,bursty,nominal,rafts_swucb,RAFTS-SWUCB,20,0.118874472836737,0.017901965717031728,0.881125527163263,0.01790196571703172,4.131660712104108,0.15731731867735016,8.1,0.13564380599667245,1.1377849927849928,0.42492425511940335,3.2424999999999997,1.007976193066817,0.006576923076923076,0.0033561418989618104,0.11276923076923077,0.00046918576806842353,0.0,0.0,78.05,0.09799999999999999,0.06463815345638765,0.0032620313242916307,0.8894786600911893,0.028677575602643206,0.00913925228338647,0.0014770569002937313,1369.75,461.6048880875459,0.0,0.0,0.0007357526538463178,0.00030974664184125464
simulator,bursty,nominal,rafts_temporal,RAFTS-Temporal,20,0.11249451945678361,0.019032032421737552,0.8875054805432165,0.01903203242173755,4.136385238451277,0.1431855597145442,8.0,0.0,1.221518759018759,0.3443380204110846,3.6224999999999996,0.8628944007479159,0.0053076923076923075,0.0031774696572288105,0.11076923076923077,0.0,0.0,0.0,78.0,0.0,0.03431001770437428,0.0035711005851309123,0.899885163657135,0.03250353224202703,0.009864994524998609,0.0014882005661184996,1326.8,409.67592106418635,0.0,0.0,0.000690950069230754,0.00026734060271732546
simulator,bursty,nominal,rafts_ts,RAFTS-TS,20,0.14864612745744823,0.0204007084413515,0.8513538725425519,0.020400708441351497,4.031053522647862,0.14002296568660688,8.055,0.10779999999999944,1.6590517815517813,0.307224861509389,4.3149999999999995,0.7202236801672686,0.007192307692307692,0.0025306052147730266,0.3129230769230769,0.01992076607672944,0.0,0.0,78.3,0.2060577333508359,0.045483857370783115,0.0025401286110906963,0.9059999237192183,0.03252193592877413,0.011462387173295455,0.0012559966337678482,656.3,188.85054087349212,0.0,0.0,0.00045306892307724826,0.00017240546440416263
simulator,bursty,nominal,rafts_ucb,RAFTS-UCB,20,0.13281287964306832,0.01524711843720988,0.8671871203569317,0.015247118437209883,4.0242354898769985,0.14227852751205775,7.967499999999999,0.06370000000000055,0.8812932900432899,0.27548948508199284,2.8724999999999996,0.8109221453317658,0.011461538461538462,0.0027320799956187763,0.11184615384615385,0.00046918576806842294,0.0,0.0,78.3,0.2060577333508359,0.03776190606293967,0.0023254535532704077,0.8890400773563506,0.022068920953847927,0.008201758414934642,0.0012120514624856934,1722.75,331.784423895999,0.0,0.0,0.0007087005153848273,0.0003014923648486138
simulator,bursty,nominal,random,Random,20,0.16815680266623662,0.030501136881592242,0.8318431973337633,0.030501136881592242,3.942264148499997,0.16023818678846546,7.9674999999999985,0.14968762385996423,1.5904722981696666,0.2866294564948984,4.249999999999999,0.5966616426329696,0.006,0.0031141477826738743,0.3198461538461539,0.002921886482502418,601.1,73.90537921594498,184.55,25.815621786246528,,,0.9114151722292455,0.03900096452457173,0.009621646586988917,0.0014374009609193893,0.0,0.0,0.0,0.0,0.00013611360769209566,4.439737133327867e-05
simulator,bursty,nominal,sequential,Sequential,20,0.20123894239931978,0.0268274416073863,0.7987610576006803,0.026827441607386288,3.8528094344509434,0.1228422466778708,7.912499999999999,0.1799848458533166,2.1871464646464647,0.22996116595374957,5.327499999999999,0.4826974529170744,0.0034615384615384616,0.0012056577927311988,0.5,0.0,0.0,0.0,19.0,0.0,,,0.8861356954449059,0.041842180036069015,0.009881232903750103,0.0020734960492645414,0.0,0.0,0.0,0.0,3.1017300000222836e-05,1.3152624241915204e-05
simulator,bursty_high_retune,high_retune,coverage_sweep,Coverage Sweep,20,0.1115090479052743,0.022393155217486686,0.8884909520947255,0.022393155217486672,4.213260324581079,0.10538326279773981,7.965000000000001,0.06860000000000026,2.316372655122655,0.4665666889663779,4.6274999999999995,0.8252567507974969,0.0020769230769230765,0.0009222968363686302,0.7482692307692309,0.0003069454498557936,0.0,0.0,75.7,0.6049487146596981,,,0.9545021645021643,0.03230564020205642,0.010455431823989303,0.002007369960130239,0.0,0.0,0.0,0.0,1.4653338461497558e-05,7.060346465666682e-07
simulator,bursty_high_retune,high_retune,rafts_cpts,RAFTS-CP-TS,20,0.09766467529675074,0.018766472040911843,0.9023353247032493,0.018766472040911846,4.259754179433424,0.137193248137367,8.0,0.0,2.288650793650793,0.3614979476924246,4.7875,0.6027251599369754,0.0028076923076923075,0.0013497403235955543,0.6488846153846154,0.004262258069294745,0.0,0.0,74.2,1.360902486935551,0.054163692042573895,0.0036196483880942786,0.9170003607503607,0.05158792634492134,0.011047197086920594,0.0015897026725436461,43.55,31.97089379913845,0.0,0.0,0.00010574399999971387,5.9846298007956044e-06
simulator,bursty_high_retune,high_retune,rafts_cusum_ucb,RAFTS-CUSUM-UCB,20,0.10678981640302394,0.020248149853797786,0.893210183596976,0.02024814985379778,4.1318043033137375,0.15929468968724092,7.95,0.09799999999999998,1.1592857142857143,0.45917340907019094,2.9149999999999996,0.9230829021331325,0.00723076923076923,0.0033808705083096966,0.3415384615384615,0.0,0.0,0.0,78.0,0.0,0.04145756678697751,0.003487642420994595,0.9050131093305256,0.038193436038544144,0.009610444200278232,0.0013180841767956412,921.1,282.98125839969276,2.4,0.8925393696167073,0.00026622036153877646,2.393435933166646e-05
simulator,bursty_high_retune,high_retune,rafts_dts,RAFTS-DTS,20,0.09785232831459247,0.017661334687804182,0.9021476716854074,0.017661334687804175,4.221872259117543,0.12017551977474897,8.1,0.13564380599667245,1.7298809523809524,0.36391614699925534,3.8724999999999996,0.6308592882560637,0.004461538461538461,0.0015100709980607053,0.6513461538461539,0.00399927547159814,0.0,0.0,67.5,1.235528440108033,0.10153497312622577,0.0031847282369293502,0.9238748386116807,0.03785750856336714,0.008126875625991622,0.0016085839663709006,118.85,82.78917047282782,0.0,0.0,0.00012978982307672247,1.0037366473166162e-05
simulator,bursty_high_retune,high_retune,rafts_ducb,RAFTS-DUCB,20,0.10678981640302394,0.020248149853797786,0.893210183596976,0.02024814985379778,4.1318043033137375,0.15929468968724092,7.95,0.09799999999999998,1.1592857142857143,0.45917340907019094,2.9149999999999996,0.9230829021331325,0.00723076923076923,0.0033808705083096966,0.3415384615384615,0.0,0.0,0.0,78.0,0.0,0.057198855175363494,0.003097871117623955,0.9050131093305256,0.038193436038544144,0.009610444200278232,0.0013180841767956412,921.1,282.98125839969276,0.0,0.0,0.000278887423076902,2.3894184419571416e-05
simulator,bursty_high_retune,high_retune,rafts_exp3s,RAFTS-EXP3.S,20,0.09401996256713237,0.0189612018105152,0.9059800374328676,0.018961201810515204,4.248052354703298,0.1493584512818533,7.972499999999999,0.0539000000000004,2.5405555555555557,0.37086816542722484,4.682499999999999,0.6123927063919892,0.000576923076923077,0.0011569176393187747,0.7436538461538461,0.001013606282252623,0.0,0.0,79.05,0.1726932174939741,0.06221421586758128,0.0035752568774422666,0.9131776556776556,0.05323096285448392,0.014033145192306284,0.0026774956309901783,0.0,0.0,0.0,0.0,7.980402307657641e-05,3.528808789932311e-06
simulator,bursty_high_retune,high_retune,rafts_glr_klucb,RAFTS-GLR-KL-UCB*,20,0.10659898941031017,0.02025195799564423,0.8934010105896897,0.020251957995644224,4.166789137138193,0.12996900957379529,8.1,0.13564380599667245,1.842404401154401,0.4078136215944644,4.12,0.7130042799015267,0.0055000000000000005,0.0023644067561708997,0.4452692307692308,0.021957310670291365,0.25,0.2799078795829649,76.6,1.7782697681794664,0.0438690841904172,0.003721052072341483,0.8970646455442525,0.03700575257937029,0.009486848843221206,0.0016288731352233096,414.75,193.08635713750357,0.5,0.36252332048398883,0.0027321078692304867,0.0001586743108386332
simulator,bursty_high_retune,high_retune,rafts_klucb,RAFTS-KL-UCB,20,0.10385488166620242,0.020684943867737293,0.8961451183337976,0.020684943867737286,4.195290820639877,0.13804306190233942,8.1,0.13564380599667245,1.8065710678210678,0.43536775699406915,4.0375,0.8478967523416862,0.00526923076923077,0.0023770230708891073,0.4406153846153845,0.02264462023939372,0.1,0.19599999999999995,76.5,1.6854560526050977,0.04239930612530209,0.0037154852982226607,0.8906068672114742,0.03684164286107988,0.009262414054973103,0.0016981685323065128,420.8,193.45991697125874,0.0,0.0,0.002779604376923369,0.00022414461522741926
simulator,bursty_high_retune,high_retune,rafts_linucb,RAFTS-LinUCB,20,0.12573128234448988,0.024154715214112922,0.8742687176555102,0.024154715214112922,4.1278768233862575,0.16222617211663176,8.014999999999999,0.1882518525805251,1.9817261904761907,0.4471368346275742,4.35,0.8195876883820107,0.007000000000000001,0.0026968201859857714,0.4764615384615385,0.009397347545487942,0.15,0.29400000000000004,77.0,0.9215181981239896,0.03236029517549009,0.004811714168867056,0.9285970279720279,0.028926686186991197,0.009440458565875871,0.0014804572938471924,427.25,219.90474917683406,0.0,0.0,0.0008536953692307109,2.8723371499969746e-05
simulator,bursty_high_retune,high_retune,rafts_swts,RAFTS-SWTS,20,0.1055286708399916,0.020332087771910295,0.8944713291600085,0.02033208777191029,4.209824610400082,0.14279834560224933,8.0,0.0,2.1304906204906198,0.3994854630292652,4.567500000000001,0.8398222026746275,0.004230769230769231,0.001359565578115263,0.6496923076923078,0.003942823621814377,0.0,0.0,68.9,0.9633533537651313,0.13079323000566973,0.003974460613725745,0.8965121561445091,0.030146951530061743,0.009202524272612322,0.0021820542246335324,74.15,45.94303615061636,0.0,0.0,0.00012690593846141732,7.979427322792526e-06
simulator,bursty_high_retune,high_retune,rafts_swucb,RAFTS-SWUCB,20,0.10678981640302394,0.020248149853797786,0.893210183596976,0.02024814985379778,4.1318043033137375,0.15929468968724092,7.95,0.09799999999999998,1.1592857142857143,0.45917340907019094,2.9149999999999996,0.9230829021331325,0.00723076923076923,0.0033808705083096966,0.3415384615384615,0.0,0.0,0.0,78.0,0.0,0.07342566074270927,0.0030851699255044023,0.9050131093305256,0.038193436038544144,0.009610444200278232,0.0013180841767956412,921.1,282.98125839969276,0.0,0.0,0.0002858943846152285,1.965275122807889e-05
simulator,bursty_high_retune,high_retune,rafts_temporal,RAFTS-Temporal,20,0.09287454613869708,0.016208626564672896,0.9071254538613029,0.016208626564672896,4.202560271314988,0.1371450074680324,8.0,0.0,1.3900396825396826,0.49968384761752155,3.3924999999999996,1.067995912420721,0.004076923076923077,0.002305028530072288,0.3415384615384615,0.0,0.0,0.0,78.0,0.0,0.037824995358315086,0.0032473106312779906,0.9000973539878506,0.03326988063730366,0.009873430104843026,0.0017779896752388182,731.45,219.44922757187987,0.0,0.0,0.00024410871538468483,1.712700770809964e-05
simulator,bursty_high_retune,high_retune,rafts_ts,RAFTS-TS,20,0.09766467529675074,0.018766472040911843,0.9023353247032493,0.018766472040911846,4.259754179433424,0.137193248137367,8.0,0.0,2.288650793650793,0.3614979476924246,4.7875,0.6027251599369754,0.0028076923076923075,0.0013497403235955543,0.6488846153846154,0.004262258069294745,0.0,0.0,74.2,1.360902486935551,0.054163692042573895,0.0036196483880942786,0.9170003607503607,0.05158792634492134,0.011047197086920594,0.0015897026725436461,43.55,31.97089379913845,0.0,0.0,0.00010352515384595161,8.66714195963657e-06
simulator,bursty_high_retune,high_retune,rafts_ucb,RAFTS-UCB,20,0.10678981640302394,0.020248149853797786,0.893210183596976,0.02024814985379778,4.1318043033137375,0.15929468968724092,7.95,0.09799999999999998,1.1592857142857143,0.45917340907019094,2.9149999999999996,0.9230829021331325,0.00723076923076923,0.0033808705083096966,0.3415384615384615,0.0,0.0,0.0,78.0,0.0,0.041324043000479496,0.0035757348269324315,0.9050131093305256,0.038193436038544144,0.009610444200278232,0.0013180841767956412,921.1,282.98125839969276,0.0,0.0,0.00025956308461536537,1.9036411550937124e-05
simulator,bursty_high_retune,high_retune,random,Random,20,0.10894276827295694,0.01511390494881926,0.8910572317270431,0.015113904948819257,4.143506633827389,0.1518956557671181,8.055,0.10779999999999944,1.7459126984126985,0.3654174460395199,4.367499999999999,0.8207671286508031,0.0050384615384615385,0.0022535229072755607,0.418,0.006465799404816069,3006.5,121.4665374756183,324.7,29.987662880802024,,,0.8846957002069736,0.04192903960416327,0.010618200951272147,0.001694885528688421,0.0,0.0,0.0,0.0,7.398474615393542e-05,6.851420211626232e-06
simulator,bursty_high_retune,high_retune,sequential,Sequential,20,0.09686833013248107,0.016669369555887714,0.9031316698675191,0.016669369555887718,4.253466459466459,0.1521030390933015,7.972499999999999,0.1626661725258527,2.0368560606060604,0.4215372008691137,4.42,0.904365324412651,0.0012692307692307695,0.0009552719525192859,0.7492307692307691,4.9921715471057503e-17,0.0,0.0,39.0,0.0,,,0.8747420634920633,0.06910555555555555,0.011101643212434906,0.0030314617101481985,0.0,0.0,0.0,0.0,1.496801538451109e-05,1.1816714600052777e-06
simulator,changing,nominal,coverage_sweep,Coverage Sweep,20,0.0769529003588947,0.012779097757899038,0.9230470996411053,0.012779097757899038,1.6172500898804194,0.03308847797743396,4.0,0.0,0.7301426351426351,0.13133971115521798,2.2,0.26305768828989023,0.001538461538461539,0.0012326443206283001,0.4981538461538461,0.00038516495149866975,0.0,0.0,37.5,0.26601938987501206,,,0.876765873015873,0.04365367147003233,0.009723178248286644,0.0016097120116842277,0.0,0.0,0.0,0.0,2.1154061538954218e-05,7.920793964661806e-06
simulator,changing,nominal,rafts_cpts,RAFTS-CP-TS,20,0.15236936314421284,0.0237339425864355,0.847630636855787,0.023733942586435502,1.3693073884629352,0.07596985499998277,3.7574999999999994,0.17947861769727985,0.35946122517833046,0.11202705462067306,1.6249999999999993,0.37865236104679945,0.020269230769230772,0.004981602665799466,0.3347307692307692,0.01690374210540352,0.0,0.0,78.45,0.22370045761428853,0.060156576945761334,0.005885985967679082,0.8926164435761319,0.03013691514894359,0.010880184291126539,0.0012457579036907122,349.75,115.56574400018279,0.0,0.0,0.0002849974384613373,7.895051666413794e-05
simulator,changing,nominal,rafts_cusum_ucb,RAFTS-CUSUM-UCB,20,0.08683229301550424,0.013482740942109394,0.9131677069844958,0.013482740942109394,1.5779299908983053,0.03830136599363096,4.0,0.0,0.09237570028011205,0.06001987796206753,0.41249999999999976,0.25155314913971,0.004192307692307693,0.0025001650272532946,0.1126153846153846,0.0011596290174502948,0.0,0.0,78.4,0.2202849828840144,0.03181456700131889,0.003066781544361617,0.9105909337359146,0.02828638215610827,0.009026185915850478,0.0013567478402006308,486.4,117.04182904639823,0.35,0.25732674293897034,0.00036818091538435297,0.00011661118032573358
simulator,changing,nominal,rafts_dts,RAFTS-DTS,20,0.07403462374530154,0.013305482627162834,0.9259653762546985,0.013305482627162833,1.6048584975239812,0.041997593542926544,4.0,0.0,0.7335958485958486,0.14464885342146486,2.0924999999999994,0.22942038063919168,0.003346153846153847,0.0024194264900264163,0.41865384615384615,0.0057033567675482425,0.0,0.0,76.3,0.9654498814978492,0.06829679469587857,0.0026697260344943057,0.8710148993808051,0.049008921576946675,0.009343460369793635,0.001367376595703376,103.05,94.75385923427854,0.0,0.0,0.00024375234615343707,6.92795327893959e-05
simulator,changing,nominal,rafts_ducb,RAFTS-DUCB,20,0.09462087030130469,0.010779064065795079,0.9053791296986955,0.010779064065795083,1.5608553650560497,0.031156790698697746,4.0,0.0,0.11890803640803642,0.059822518420852074,0.5174999999999998,0.2114184812416509,0.006,0.001769109800476327,0.11084615384615384,0.00010376650116606982,0.0,0.0,78.05,0.09799999999999999,0.04656219438314937,0.0011546123022110766,0.8824459510740976,0.032631104088097176,0.008847859145223876,0.0010245612329418394,419.9,80.87938215704459,0.0,0.0,0.00036646878461551053,0.000113500003589944
simulator,changing,nominal,rafts_exp3s,RAFTS-EXP3.S,20,0.07179249208719551,0.010068591441652446,0.9282075079128044,0.010068591441652442,1.610030693784833,0.027479444945801262,4.0,0.0,0.6152457264957265,0.17638902246812732,1.8074999999999997,0.35840586446682265,0.001076923076923077,0.0009370957074895437,0.4879615384615385,0.0011641339476290648,0.0,0.0,78.9,0.1348964515158903,0.03920753512406489,0.002184530596641938,0.9411507936507937,0.03136876278644786,0.01013071110494694,0.0015905017816572834,1.35,1.4520092068723616,0.0,0.0,0.0002076890307692408,8.133048605041999e-05
simulator,changing,nominal,rafts_glr_klucb,RAFTS-GLR-KL-UCB*,20,0.1413322870004599,0.030041749840307375,0.8586677129995399,0.030041749840307375,1.4180882614998713,0.08148676129544441,4.0,0.0,0.1666335531333409,0.06019814597410021,0.8849999999999996,0.307455092142268,0.016192307692307693,0.005965420744506187,0.12276923076923077,0.0017616551770820222,0.0,0.0,78.15,0.16055889229418857,0.04413555372722382,0.005768835436401672,0.8797957143694454,0.029726731554851546,0.009280971297765592,0.0010081806446421311,632.8,179.4016079397518,0.0,0.0,0.003114696738461414,4.746793102426546e-05
simulator,changing,nominal,rafts_klucb,RAFTS-KL-UCB,20,0.1413322870004599,0.030041749840307375,0.8586677129995399,0.030041749840307375,1.4180882614998713,0.08148676129544441,4.0,0.0,0.1666335531333409,0.06019814597410021,0.8849999999999996,0.307455092142268,0.016192307692307693,0.005965420744506187,0.12276923076923077,0.0017616551770820222,0.0,0.0,78.15,0.16055889229418857,0.04413555372722382,0.005768835436401672,0.8797957143694454,0.029726731554851546,0.009280971297765592,0.0010081806446421311,632.8,179.4016079397518,0.0,0.0,0.003567322938461355,0.0009761277836920653
simulator,changing,nominal,rafts_linucb,RAFTS-LinUCB,20,0.15064892069714472,0.021104313199339086,0.8493510793028551,0.02110431319933909,1.3956001438498542,0.059416852445759116,4.0,0.0,0.31294160882976674,0.126102390677254,1.2525,0.3678849212228709,0.017538461538461534,0.0040788433946624195,0.1436923076923077,0.0022109814542344178,0.0,0.0,78.45,0.22370045761428853,0.040926373567157594,0.0041582507204098096,0.8653374171638927,0.02654160514202705,0.010241204918499908,0.0012631484502183842,582.3,172.12350826567592,0.0,0.0,0.0015054199769232442,0.0006049302982832187
simulator,changing,nominal,rafts_swts,RAFTS-SWTS,20,0.0864019734753977,0.010319276675569276,0.9135980265246024,0.010319276675569273,1.568310690903534,0.0341414585344843,4.0,0.0,0.6115677378177378,0.15205494875651843,1.9799999999999998,0.2967721933349587,0.006653846153846154,0.0021497314948254083,0.4047307692307693,0.006284587396307333,0.0,0.0,68.15,1.5200395424219448,0.09002343751047767,0.0031999247430735066,0.898160899545708,0.039710776817727174,0.009304068116179457,0.0014887070807975003,266.7,135.47795831134493,0.0,0.0,0.00029508079230785927,0.00010679479532361466
simulator,changing,nominal,rafts_swucb,RAFTS-SWUCB,20,0.09923978645920119,0.01003208315744971,0.9007602135407987,0.010032083157449705,1.5503591486350956,0.03582498709037414,4.0,0.0,0.09232205294705294,0.043133245297368436,0.46999999999999975,0.21779267785285103,0.007000000000000001,0.0015618687351411046,0.11273076923076922,0.00047014101663399234,0.0,0.0,78.0,0.0,0.06482437198281867,0.0025100326507814237,0.8846273349954362,0.028371494727128903,0.008840539190914327,0.0012918383082644448,423.75,104.46672019557737,0.0,0.0,0.00040641928461529746,0.00012885591854862514
simulator,changing,nominal,rafts_temporal,RAFTS-Temporal,20,0.09429226447938846,0.012165027500482803,0.9057077355206115,0.0121650275004828,1.5782134302547783,0.0408669900487393,4.0,0.0,0.08225431431313784,0.03810667160889487,0.4149999999999995,0.19665653200172956,0.0038461538461538464,0.0026568187306765254,0.11076923076923077,0.0,0.0,0.0,78.0,0.0,0.032528061859028616,0.002094093899897262,0.920836460490972,0.03097860287555238,0.009744729404025623,0.001425988057370649,407.05,170.83780218860105,0.0,0.0,0.00029735470000000186,2.6475975393070332e-05
simulator,changing,nominal,rafts_ts,RAFTS-TS,20,0.15236936314421284,0.0237339425864355,0.847630636855787,0.023733942586435502,1.3693073884629352,0.07596985499998277,3.7574999999999994,0.17947861769727985,0.35946122517833046,0.11202705462067306,1.6249999999999993,0.37865236104679945,0.020269230769230772,0.004981602665799466,0.3347307692307692,0.01690374210540352,0.0,0.0,78.45,0.22370045761428853,0.060156576945761334,0.005885985967679082,0.8926164435761319,0.03013691514894359,0.010880184291126539,0.0012457579036907122,349.75,115.56574400018279,0.0,0.0,0.0002764351153846992,8.428818688303013e-05
simulator,changing,nominal,rafts_ucb,RAFTS-UCB,20,0.07759300610488264,0.008702235866757559,0.9224069938951175,0.008702235866757557,1.6016386997984615,0.027559129403298556,4.0,0.0,0.08325396825396826,0.06000545805800616,0.3924999999999996,0.25892027933831574,0.002269230769230769,0.0014936410004352625,0.11157692307692309,0.0003366863642608128,0.0,0.0,78.5,0.2248274191931505,0.0300163168759864,0.0019853719606168106,0.9116672151378035,0.02676077984782301,0.009123954473686125,0.0013180635257143377,493.45,122.82537970117104,0.0,0.0,0.000361215907692335,0.00011433435005136575
simulator,changing,nominal,random,Random,20,0.08777544311272925,0.009542943214488989,0.9122245568872707,0.009542943214488987,1.596841940407527,0.03473072284135433,4.0,0.0,0.4500650738150738,0.13070676922394375,1.8,0.36571619712846354,0.0023076923076923075,0.0014633979221889996,0.3198461538461539,0.002921886482502418,601.1,73.90537921594498,184.55,25.815621786246528,,,0.928254662004662,0.04207738226392196,0.009686816809314257,0.0013586473913443627,0.0,0.0,0.0,0.0,9.689060000038388e-05,2.6103639545274677e-05
simulator,changing,nominal,sequential,Sequential,20,0.07947702567319152,0.009360906847097639,0.9205229743268084,0.009360906847097642,1.6126098171189855,0.02898787225003211,4.0,0.0,1.0543724331224333,0.1617957307521405,2.7874999999999996,0.20835995549200811,0.0017307692307692308,0.0012560795786162912,0.5,0.0,0.0,0.0,19.0,0.0,,,0.8862241924741925,0.04324480146627333,0.00983749258985978,0.0021289815485614934,0.0,0.0,0.0,0.0,2.1651669230917692e-05,9.140733978192207e-06
simulator,changing_high_retune,high_retune,coverage_sweep,Coverage Sweep,20,0.03856559911217062,0.00754508381453804,0.9614344008878293,0.007545083814538037,1.6693398113045639,0.03725612107784153,4.0,0.0,0.7695238095238095,0.27375743478381587,1.58,0.43330491026892126,0.0006923076923076923,0.0007648747920569325,0.7482692307692309,0.0003069454498557936,0.0,0.0,75.7,0.6049487146596981,,,0.9316666666666666,0.06060154399438124,0.010230862206408628,0.002122931725277309,0.0,0.0,0.0,0.0,1.5170007692246983e-05,1.5488763144334892e-06
simulator,changing_high_retune,high_retune,rafts_cpts,RAFTS-CP-TS,20,0.07775745783729189,0.0145262047169893,0.922242542162708,0.014526204716989297,1.575008009229704,0.04548143298899589,3.95,0.09799999999999998,0.5917370129870129,0.1535348861535511,1.8424999999999998,0.3297594426244683,0.006,0.0024053543511623953,0.6481153846153844,0.00390788770272429,0.0,0.0,71.35,1.373288868297371,0.06063481314513802,0.004432144937627087,0.8990250433024268,0.0472545214959646,0.010886239417211625,0.002552064216468125,46.4,28.517973412901334,0.0,0.0,0.0001134856769230492,8.334915653681526e-06
simulator,changing_high_retune,high_retune,rafts_cusum_ucb,RAFTS-CUSUM-UCB,20,0.07934975160745612,0.009469460292262494,0.9206502483925438,0.009469460292262494,1.615768803117232,0.02354578010665281,4.0,0.0,0.41973845598845594,0.07484618181458741,1.614999999999999,0.04212140348538907,0.0029615384615384625,0.0013228815880663113,0.3415384615384615,0.0,0.0,0.0,78.0,0.0,0.03584957080857038,0.0012051653700885477,0.925870477561654,0.031380725938162275,0.00960451566429325,0.0013109113350702325,184.55,58.49687577622372,0.05,0.09799999999999998,0.00021124226923082177,7.407508412647717e-06
simulator,changing_high_retune,high_retune,rafts_dts,RAFTS-DTS,20,0.05013696783007941,0.009589888850320487,0.9498630321699206,0.009589888850320485,1.6476406745138419,0.041743310297728625,4.0,0.0,0.6035407647907648,0.19378192739781114,1.6874999999999993,0.37640132207944993,0.0023461538461538463,0.0015174803732754627,0.6514999999999999,0.002821641219502865,0.0,0.0,68.75,1.2708219470298077,0.09983446072096015,0.0029465573831380524,0.9029761904761905,0.04378679479375707,0.009633762071525184,0.0024040294247679316,73.55,58.818819006021855,0.0,0.0,0.0001184937384616485,6.7701027540587276e-06
simulator,changing_high_retune,high_retune,rafts_ducb,RAFTS-DUCB,20,0.07934975160745612,0.009469460292262494,0.9206502483925438,0.009469460292262494,1.615768803117232,0.02354578010665281,4.0,0.0,0.41973845598845594,0.07484618181458741,1.614999999999999,0.04212140348538907,0.0029615384615384625,0.0013228815880663113,0.3415384615384615,0.0,0.0,0.0,78.0,0.0,0.053096648903070844,0.0011831236368251138,0.925870477561654,0.031380725938162275,0.00960451566429325,0.0013109113350702325,184.55,58.49687577622372,0.0,0.0,0.00022993056153861215,9.796391514451241e-06
simulator,changing_high_retune,high_retune,rafts_exp3s,RAFTS-EXP3.S,20,0.0373381916917484,0.00744937347471137,0.9626618083082515,0.00744937347471137,1.680794044387786,0.03336924560819463,4.0,0.0,0.7096428571428571,0.28978508380405227,1.4849999999999999,0.44921058477476256,-0.0002307692307692308,0.0010778182514322734,0.7437307692307693,0.0009103830973785274,0.0,0.0,79.05,0.1726932174939741,0.05819393117858469,0.002272872021847225,0.9065476190476189,0.06468704462788555,0.013363530385937572,0.0024343704569274264,0.0,0.0,0.0,0.0,8.632700000033276e-05,6.795192412831033e-06
simulator,changing_high_retune,high_retune,rafts_glr_klucb,RAFTS-GLR-KL-UCB*,20,0.05874684114948161,0.01106865495352141,0.9412531588505185,0.01106865495352141,1.6279654064309574,0.03353598551057982,4.0,0.0,0.16955128205128206,0.12079460334284066,0.5574999999999998,0.3575586598911537,0.0016153846153846153,0.0015464729060288393,0.43426923076923074,0.026041389423891188,0.0,0.0,76.25,1.7407799220010856,0.03853140520156197,0.0029641466745756453,0.915967442645074,0.03745125361506614,0.010392382453634958,0.0014459057785827932,245.65,83.10118683173008,0.05,0.09799999999999998,0.0026217808000001245,0.00020752844273106463
simulator,changing_high_retune,high_retune,rafts_klucb,RAFTS-KL-UCB,20,0.05920138660402706,0.011069624675045105,0.9407986133959731,0.011069624675045107,1.626601770067321,0.03364799780707644,4.0,0.0,0.16955128205128206,0.12079460334284066,0.5574999999999998,0.3575586598911537,0.0017307692307692308,0.0015617729825287384,0.4342307692307693,0.02605058189735704,0.0,0.0,76.25,1.7407799220010856,0.038472299348362056,0.0029661454207187002,0.9171579188355503,0.03699000529355915,0.010327453643130768,0.0014506580879636174,245.65,83.10118683173008,0.0,0.0,0.0025796844692308344,0.00018208523930952761
simulator,changing_high_retune,high_retune,rafts_linucb,RAFTS-LinUCB,20,0.0567920123851388,0.00945175771727396,0.9432079876148611,0.009451757717273957,1.6462615076807494,0.030629791746970725,4.0,0.0,0.5035768398268399,0.19645359014148608,1.4824999999999995,0.44338765918301043,0.0011153846153846155,0.0012777987826948218,0.47788461538461535,0.008915519310967906,0.25,0.34465390725983897,76.75,1.0436933407249873,0.02576874304759396,0.0027944598196055453,0.8901798201798202,0.042847470953361125,0.010264221933236287,0.00133924865535802,98.4,57.173643644418426,0.0,0.0,0.0008494563076928898,1.931284374807784e-05
simulator,changing_high_retune,high_retune,rafts_swts,RAFTS-SWTS,20,0.0532031092994372,0.009820521430840773,0.9467968907005627,0.009820521430840773,1.6478589711573695,0.035711465519323964,4.0,0.0,0.566329365079365,0.17734579560832,1.6199999999999997,0.4050888505526969,0.00273076923076923,0.001305585299454369,0.651576923076923,0.004345650273574488,0.0,0.0,68.8,0.9912824229780648,0.1296707231615735,0.002989739097887184,0.9084624220808433,0.043504237674777166,0.009156310899396098,0.0020029721768429778,53.95,58.00398835470395,0.0,0.0,0.00012533400769210016,5.7261675695729245e-06
simulator,changing_high_retune,high_retune,rafts_swucb,RAFTS-SWUCB,20,0.07934975160745612,0.009469460292262494,0.9206502483925438,0.009469460292262494,1.615768803117232,0.02354578010665281,4.0,0.0,0.41973845598845594,0.07484618181458741,1.614999999999999,0.04212140348538907,0.0029615384615384625,0.0013228815880663113,0.3415384615384615,0.0,0.0,0.0,78.0,0.0,0.06922444437157457,0.0012506207700882582,0.925870477561654,0.031380725938162275,0.00960451566429325,0.0013109113350702325,184.55,58.49687577622372,0.0,0.0,0.0002474142153843366,1.1693506977630612e-05
simulator,changing_high_retune,high_retune,rafts_temporal,RAFTS-Temporal,20,0.06746873425776802,0.010772356189887167,0.9325312657422318,0.010772356189887172,1.6267919036763576,0.0381303163575202,4.0,0.0,0.19681637806637808,0.09783132906269643,0.8524999999999998,0.41446829540356495,0.001769230769230769,0.0019508224874274199,0.3415384615384615,0.0,0.0,0.0,78.0,0.0,0.035037496651839486,0.002102487999696676,0.8920150478606361,0.05076036533603956,0.009885430606083236,0.0017377276903645911,168.4,90.62061196461931,0.0,0.0,0.00023084320000047085,1.0735239121242812e-05
simulator,changing_high_retune,high_retune,rafts_ts,RAFTS-TS,20,0.07775745783729189,0.0145262047169893,0.922242542162708,0.014526204716989297,1.575008009229704,0.04548143298899589,3.95,0.09799999999999998,0.5917370129870129,0.1535348861535511,1.8424999999999998,0.3297594426244683,0.006,0.0024053543511623953,0.6481153846153844,0.00390788770272429,0.0,0.0,71.35,1.373288868297371,0.06063481314513802,0.004432144937627087,0.8990250433024268,0.0472545214959646,0.010886239417211625,0.002552064216468125,46.4,28.517973412901334,0.0,0.0,0.00010343260769234171,5.840277485252439e-06
simulator,changing_high_retune,high_retune,rafts_ucb,RAFTS-UCB,20,0.07934975160745612,0.009469460292262494,0.9206502483925438,0.009469460292262494,1.615768803117232,0.02354578010665281,4.0,0.0,0.41973845598845594,0.07484618181458741,1.614999999999999,0.04212140348538907,0.0029615384615384625,0.0013228815880663113,0.3415384615384615,0.0,0.0,0.0,78.0,0.0,0.03582741797115035,0.0011887769770481157,0.925870477561654,0.031380725938162275,0.00960451566429325,0.0013109113350702325,184.55,58.49687577622372,0.0,0.0,0.00021369052307650588,9.757761127286085e-06
simulator,changing_high_retune,high_retune,random,Random,20,0.06666825338266572,0.015349730422849867,0.9333317466173343,0.015349730422849851,1.6282904358331731,0.04337814562190429,4.0,0.0,0.22615079365079366,0.09789581694157759,0.9299999999999994,0.39880100300776544,0.0020769230769230765,0.00214924447698775,0.418,0.006465799404816069,3006.5,121.4665374756183,324.7,29.987662880802024,,,0.9210151524377865,0.03400264171155078,0.01068448335902646,0.001668002999012591,0.0,0.0,0.0,0.0,7.208528461538104e-05,5.2856131110897614e-06
simulator,changing_high_retune,high_retune,sequential,Sequential,20,0.045026922550462506,0.00787948160949155,0.9549730774495375,0.007879481609491543,1.6675576677316684,0.027370014307204926,4.0,0.0,0.8174603174603176,0.13120260461130379,1.6774999999999998,0.13309992091420794,0.0009615384615384614,0.000756816012308854,0.7492307692307691,4.9921715471057503e-17,0.0,0.0,39.0,0.0,,,0.915,0.060682582257791925,0.011079899101927918,0.0030363552190917622,0.0,0.0,0.0,0.0,1.5815815384625098e-05,1.578742855594326e-06
simulator,dense,nominal,coverage_sweep,Coverage Sweep,20,0.07323436568822624,0.0018705551199793202,0.9267656343117737,0.0018705551199793228,1.5421257603665892,0.007852771405187715,3.9,0.13489645151589028,0.6588302237647118,0.036048179735890334,2.567499999999997,0.2010006166526285,0.17334615384615387,0.004784368440715893,0.4981538461538461,0.00038516495149866975,0.0,0.0,37.5,0.26601938987501206,,,0.8933436291943483,0.009975494301064822,0.010521519173006085,0.0017925486000362244,0.0,0.0,0.0,0.0,2.6738969230511707e-05,9.324503468849311e-06
simulator,dense,nominal,rafts_cpts,RAFTS-CP-TS,20,0.086810331709097,0.0010168406918893485,0.913189668290903,0.001016840691889348,1.5209905588394899,0.0069637858045937745,4.0,0.0,0.24693162265968405,0.01978785609776921,1.6024999999999991,0.20611598548798757,0.29346153846153844,0.0040918751103137885,0.17823076923076925,0.0025816805199461554,0.0,0.0,78.4,0.2202849828840144,0.2440861490954458,0.001345111717870527,0.9022146131408952,0.005798443931049274,0.010987276636350653,0.0015114689938829679,564.35,121.40424788458206,0.4,0.33042747432602165,0.0011159373615384817,0.00032084390216398167
simulator,dense,nominal,rafts_cusum_ucb,RAFTS-CUSUM-UCB,20,0.08936850067497314,0.0014425967965243907,0.9106314993250268,0.001442596796524392,1.5147905355709237,0.007495557646857331,4.0,0.0,0.15204819266265673,0.011943478344334084,1.0,0.0,0.3143846153846154,0.005775506697097817,0.11076923076923077,0.0,0.0,0.0,78.0,0.0,0.2440313550199984,0.0020282013240725543,0.9022557494946806,0.005095496951513269,0.008880107422070311,0.001509198900926001,1999.0,302.26228355345194,9.35,0.9879623900789575,0.0009577289846158519,0.00022300378637770196
simulator,dense,nominal,rafts_dts,RAFTS-DTS,20,0.07857035674988636,0.0016268686156399234,0.9214296432501137,0.0016268686156399226,1.5317227300291176,0.006736579986052884,3.85,0.16055889229418857,0.34888227839438035,0.022161362081887098,2.0625,0.08616347681495974,0.2693076923076923,0.008012300074002736,0.2533846153846154,0.006836349764787408,0.0,0.0,78.45,0.22370045761428853,0.2535659989562145,0.0020597387670865143,0.9048459902293822,0.009126250631463977,0.009826516867753378,0.001982644827412617,681.5,153.96397693513964,0.0,0.0,0.001173613376923011,0.0004955275556825904
simulator,dense,nominal,rafts_ducb,RAFTS-DUCB,20,0.08936850067497314,0.0014425967965243907,0.9106314993250268,0.001442596796524392,1.5147905355709237,0.007495557646857331,4.0,0.0,0.15204819266265673,0.011943478344334084,1.0,0.0,0.3143846153846154,0.005775506697097817,0.11076923076923077,0.0,0.0,0.0,78.0,0.0,0.24233041140410938,0.0018151217603416107,0.9022557494946806,0.005095496951513269,0.008880107422070311,0.001509198900926001,1999.0,302.26228355345194,0.0,0.0,0.001158696553846312,0.0004270780955154494
simulator,dense,nominal,rafts_exp3s,RAFTS-EXP3.S,20,0.07373285515129112,0.0013677728094757212,0.9262671448487089,0.001367772809475724,1.541886122644842,0.0075416859212685825,3.7,0.20605773335083594,0.6225276040066664,0.03799079035672921,2.6,0.2202849828840144,0.17819230769230768,0.0035666354343267567,0.488,0.0010739261944811558,0.0,0.0,78.95,0.09799999999999999,0.24650274072528658,0.0020164105662331443,0.8985234771974593,0.009562006145840924,0.013329995905143971,0.0021650045430111065,187.4,31.099540751390016,0.0,0.0,0.0008980859153844695,0.0003954744303897584
simulator,dense,nominal,rafts_glr_klucb,RAFTS-GLR-KL-UCB*,20,0.08962184761744886,0.0013396906960630108,0.910378152382551,0.0013396906960630132,1.5151711991305334,0.007806864255859213,4.0,0.0,0.15340573313675449,0.012281827012772098,1.0,0.0,0.315,0.005359037224640788,0.11088461538461539,0.00012350684022629932,0.0,0.0,78.0,0.0,0.24142948474456977,0.0018827222779689633,0.9053890831082467,0.005436585336538289,0.008446886268238026,0.0014160192324379618,2150.4,297.31643750689176,0.0,0.0,0.004178190338461298,0.0014402637585648236
simulator,dense,nominal,rafts_klucb,RAFTS-KL-UCB,20,0.08962184761744886,0.0013396906960630108,0.910378152382551,0.0013396906960630132,1.5151711991305334,0.007806864255859213,4.0,0.0,0.15340573313675449,0.012281827012772098,1.0,0.0,0.315,0.005359037224640788,0.11088461538461539,0.00012350684022629932,0.0,0.0,78.0,0.0,0.24142948474456977,0.0018827222779689633,0.9053890831082467,0.005436585336538289,0.008446886268238026,0.0014160192324379618,2150.4,297.31643750689176,0.0,0.0,0.003957793323076727,0.0011241696236140982
simulator,dense,nominal,rafts_linucb,RAFTS-LinUCB,20,0.08566989223907359,0.00166785182754341,0.9143301077609266,0.0016678518275434111,1.5218372549379047,0.00683637364387205,4.0,0.0,0.20914633604592794,0.014264066413852179,1.2399999999999962,0.1645392674297393,0.30769230769230776,0.006470978259795179,0.14276923076923076,0.0030161780332684644,0.0,0.0,78.4,0.2202849828840144,0.28234984512973016,0.0029264823664533405,0.9013430642628089,0.006977982848659564,0.01016857257031532,0.0014997254201386328,1713.45,237.9238211117606,0.0,0.0,0.002300757146153746,0.0005472059780584506
simulator,dense,nominal,rafts_swts,RAFTS-SWTS,20,0.07808094513945875,0.0011402881067124064,0.9219190548605413,0.0011402881067124058,1.5332437298833996,0.006155682119479433,3.85,0.16055889229418857,0.32720619361836023,0.02444347128259063,2.05,0.09799999999999998,0.2671153846153846,0.00570755060552846,0.2517307692307692,0.005208893468063239,0.0,0.0,78.25,0.19470625648856144,0.26836212476825727,0.0012506729442299455,0.8969930427275654,0.007856695675111306,0.010311337498988214,0.0018341368255503942,584.3,128.989829059667,0.0,0.0,0.0012015369846153938,0.00046981640722799147
simulator,dense,nominal,rafts_swucb,RAFTS-SWUCB,20,0.08936850067497314,0.0014425967965243907,0.9106314993250268,0.001442596796524392,1.5147905355709237,0.007495557646857331,4.0,0.0,0.15204819266265673,0.011943478344334084,1.0,0.0,0.3143846153846154,0.005775506697097817,0.11076923076923077,0.0,0.0,0.0,78.0,0.0,0.24357457100130114,0.0017990935896631392,0.9022557494946806,0.005095496951513269,0.008880107422070311,0.001509198900926001,1999.0,302.26228355345194,0.0,0.0,0.001232759792307591,0.000448997574408207
simulator,dense,nominal,rafts_temporal,RAFTS-Temporal,20,0.08829657996851732,0.0011448474855573615,0.9117034200314826,0.0011448474855573563,1.5178756669297893,0.0074472993492050625,3.9625,0.07350000000000001,0.15043492051265722,0.012934643647976042,1.0,0.0,0.3096538461538461,0.004881163420496133,0.11076923076923077,0.0,0.0,0.0,78.0,0.0,0.2412672179821898,0.0014142278689381637,0.8999916903939621,0.004261559725144434,0.010251258007286088,0.0019477247523727375,2007.85,309.69949737090224,0.0,0.0,0.0010487730615386683,0.0003991223371305876
simulator,dense,nominal,rafts_ts,RAFTS-TS,20,0.0869379018209549,0.0008935859588886185,0.913062098179045,0.0008935859588886188,1.5201550945636142,0.006911700504712159,4.0,0.0,0.24827261361356726,0.020495471763090498,1.6499999999999986,0.20246954286873312,0.2947692307692308,0.0035385577174043715,0.1771923076923077,0.0024020569146804283,0.0,0.0,78.4,0.2202849828840144,0.24459099063088913,0.0011327427989557617,0.9022314228282088,0.005954309827806047,0.011382716726596295,0.0016450428083427632,526.9,108.75745162226089,0.0,0.0,0.0010844674538461382,0.00043006929654983817
simulator,dense,nominal,rafts_ucb,RAFTS-UCB,20,0.08936850067497314,0.0014425967965243907,0.9106314993250268,0.001442596796524392,1.5147905355709237,0.007495557646857331,4.0,0.0,0.15204819266265673,0.011943478344334084,1.0,0.0,0.3143846153846154,0.005775506697097817,0.11076923076923077,0.0,0.0,0.0,78.0,0.0,0.24178537624536087,0.0018278242459135138,0.9022557494946806,0.005095496951513269,0.008880107422070311,0.001509198900926001,1999.0,302.26228355345194,0.0,0.0,0.0011947610692311106,0.0004497430785261029
simulator,dense,nominal,random,Random,20,0.08016407505703924,0.0013916804962941546,0.9198359249429607,0.001391680496294151,1.5308282085057643,0.006531950162076244,3.909999999999968,0.1118728225310195,0.4153077815687262,0.02519794511203425,2.13,0.1429732694928448,0.2373076923076923,0.004884869195484316,0.3198461538461539,0.002921886482502418,601.1,73.90537921594498,184.55,25.815621786246528,,,0.8933425921309738,0.006152087875780803,0.010413589232831307,0.001783255626591778,0.0,0.0,0.0,0.0,0.0001055329769231041,3.0622732876643425e-05
simulator,dense,nominal,sequential,Sequential,20,0.07390793824865652,0.001838985243722815,0.9260920617513436,0.001838985243722813,1.5420550410151042,0.007451239030382948,3.75,0.19470625648856144,0.6828551911034658,0.022616211574409996,2.85,0.16055889229418857,0.17469230769230767,0.00408953539166902,0.5,0.0,0.0,0.0,19.0,0.0,,,0.8945501852565318,0.008720773091278649,0.009757141814528435,0.002585208137399563,0.0,0.0,0.0,0.0,2.9835553846099247e-05,9.171665835022333e-06
simulator,jittered_periodic,nominal,coverage_sweep,Coverage Sweep,20,0.13851690700768507,0.016643892620593462,0.861483092992315,0.016643892620593466,2.7006723365873593,0.03583718387272808,3.0,0.0,0.8675777000777,0.100273482495602,1.9675,0.045119787933432236,0.004115384615384615,0.0012144326205464837,0.4981538461538461,0.00038516495149866975,0.0,0.0,37.5,0.26601938987501206,,,0.9112889194139194,0.03527830219939742,0.009618704643475015,0.0016369244493586275,0.0,0.0,0.0,0.0,1.8750223076774723e-05,2.046305699235582e-06
simulator,jittered_periodic,nominal,rafts_cpts,RAFTS-CP-TS,20,0.30259952679932456,0.023863176163378,0.6974004732006754,0.023863176163378002,2.2415944420344944,0.07127632498492005,3.0,0.0,0.5299618138345256,0.07964215827407056,1.8524999999999998,0.1410288119125794,0.0336923076923077,0.004395096273696484,0.3114615384615384,0.01243847356152038,0.0,0.0,78.35,0.21447168872174688,0.07391622921614227,0.0038943398748790044,0.9081522026481986,0.016754738057725913,0.009863733432376894,0.0015600497996731484,384.85,114.90966785491251,0.0,0.0,0.0002975185692303058,1.5533968355039687e-05
simulator,jittered_periodic,nominal,rafts_cusum_ucb,RAFTS-CUSUM-UCB,20,0.1450296934437514,0.008031847049634026,0.8549703065562486,0.008031847049634031,2.606021401312019,0.020044878722049825,3.0,0.0,0.2974184149184149,0.07739870374135446,1.3749999999999996,0.29110593116234296,0.013000000000000001,0.0019130470753293122,0.11223076923076922,0.0005118679952846225,0.0,0.0,78.3,0.2060577333508359,0.04214829396055976,0.0017707549355620333,0.902747680593307,0.02132909924615938,0.009928487235395151,0.0014991136606758231,1652.45,188.61734033082345,1.05,0.2650676179869264,0.0004223716153848307,1.9106682408986425e-05
simulator,jittered_periodic,nominal,rafts_dts,RAFTS-DTS,20,0.13855610847205635,0.018001985744076743,0.8614438915279434,0.01800198574407674,2.6946700827891585,0.04258766919544006,3.0,0.0,0.83509218722454,0.10609447244122187,1.9125,0.10732418916044685,0.009423076923076923,0.0026767265738291772,0.406423076923077,0.00695680682020158,0.0,0.0,77.7,0.9004331121597451,0.07551575871557324,0.00349766255603434,0.9048821504106114,0.02823672490511986,0.009306955880270416,0.0015712092709919184,260.35,120.46481176631929,0.0,0.0,0.0002718403538461784,2.3893008238691836e-05
simulator,jittered_periodic,nominal,rafts_ducb,RAFTS-DUCB,20,0.13350078000965626,0.009650763786885497,0.8664992199903436,0.009650763786885496,2.6418614242749805,0.02314851737768358,3.0,0.0,0.34845716783216785,0.08712048150435567,1.3324999999999996,0.26878632777728867,0.009923076923076925,0.0015541898846171526,0.11092307692307693,0.0001383553348880931,0.0,0.0,78.0,0.0,0.05068946059551967,0.001487677929128314,0.9070073346022725,0.022969710420925382,0.009693097633612344,0.0009919624074960004,1276.9,261.18923833557113,0.0,0.0,0.0004087160538461971,1.590769446918613e-05
simulator,jittered_periodic,nominal,rafts_exp3s,RAFTS-EXP3.S,20,0.12697452567513878,0.012399566868340218,0.8730254743248611,0.012399566868340225,2.734609368752671,0.02641764426039756,3.0,0.0,0.9562031024531024,0.07840846217249657,1.98,0.03920000000000003,0.00326923076923077,0.0010985698922505803,0.48796153846153845,0.0010334770764958872,0.0,0.0,78.85,0.16055889229418857,0.043415733549052024,0.0015290270594120652,0.9215284715284715,0.03067029533957773,0.010714092968655786,0.0012551860149696127,14.5,6.984139927458196,0.0,0.0,0.0002006174692307048,1.4415223030141991e-05
simulator,jittered_periodic,nominal,rafts_glr_klucb,RAFTS-GLR-KL-UCB*,20,0.242924426940376,0.017996496387610517,0.757075573059624,0.01799649638761052,2.32864386782782,0.05189540626278971,3.0,0.0,0.2634827501173241,0.038026282638602166,1.6149999999999998,0.20570173092432437,0.030269230769230764,0.0033054965124804706,0.12076923076923074,0.0012895652412216962,0.0,0.0,78.15,0.16055889229418857,0.058524930760798476,0.0032764608925785013,0.9124670550947135,0.015587321696837329,0.009835711490268911,0.0011878724112979462,1705.7,201.97122404936798,0.0,0.0,0.003432231084615453,0.0001476043497079759
simulator,jittered_periodic,nominal,rafts_klucb,RAFTS-KL-UCB,20,0.242924426940376,0.017996496387610517,0.757075573059624,0.01799649638761052,2.32864386782782,0.05189540626278971,3.0,0.0,0.2634827501173241,0.038026282638602166,1.6149999999999998,0.20570173092432437,0.030269230769230764,0.0033054965124804706,0.12076923076923074,0.0012895652412216962,0.0,0.0,78.15,0.16055889229418857,0.058524930760798476,0.0032764608925785013,0.9124670550947135,0.015587321696837329,0.009835711490268911,0.0011878724112979462,1705.7,201.97122404936798,0.0,0.0,0.003379575223076804,7.78130865871444e-05
simulator,jittered_periodic,nominal,rafts_linucb,RAFTS-LinUCB,20,0.22501068731058993,0.02129219288231267,0.7749893126894102,0.021292192882312676,2.3903401209309925,0.05713646814710731,3.0,0.0,0.31028550302653485,0.07548133725860003,1.4674999999999998,0.23008041042895835,0.026499999999999996,0.003818073021108795,0.14603846153846153,0.0022182070134247438,0.0,0.0,78.45,0.22370045761428853,0.050273801850019194,0.0035209635568791086,0.9050151830350476,0.030583989320483822,0.010137105834299387,0.0012582181927046907,964.85,167.3236450720893,0.0,0.0,0.0013520352000001507,4.306246671319015e-05
simulator,jittered_periodic,nominal,rafts_swts,RAFTS-SWTS,20,0.14260047820349286,0.016754498138040117,0.8573995217965071,0.016754498138040117,2.684062881603921,0.0397947560624747,3.0,0.0,0.8394318753142282,0.11720216392627594,1.9099999999999997,0.08186929248889108,0.009923076923076922,0.002203664341653647,0.39811538461538465,0.005701888195508821,0.0,0.0,68.7,1.6950257877249628,0.09553410584953233,0.003357214862551267,0.886593817229483,0.032066975753345724,0.00979430310363819,0.0017667775409454037,375.05,139.71120084622683,0.0,0.0,0.00027829296923132814,1.9255801550354357e-05
simulator,jittered_periodic,nominal,rafts_swucb,RAFTS-SWUCB,20,0.14192384013824727,0.01332981137359766,0.8580761598617528,0.013329811373597662,2.6154642209078323,0.03787757459555205,3.0,0.0,0.3345166679725503,0.0765024663533565,1.4374999999999996,0.24872406503254932,0.01326923076923077,0.002283583512660785,0.11369230769230768,0.0004456459485168266,0.0,0.0,78.1,0.1348964515158903,0.07255564827197394,0.00289889794441382,0.9121773439262686,0.022984213148619575,0.009049541121827789,0.0012055139842241354,1553.75,223.9858382529903,0.0,0.0,0.0004362641384615507,1.694880509207156e-05
simulator,jittered_periodic,nominal,rafts_temporal,RAFTS-Temporal,20,0.09493293701934578,0.007903285678359582,0.9050670629806543,0.007903285678359585,2.7426009168264995,0.018475598720368115,3.0,0.0,0.3320220057720058,0.09812378623292851,1.2124999999999997,0.2747934678990751,0.003923076923076923,0.0018299421804202163,0.11076923076923077,0.0,0.0,0.0,78.0,0.0,0.03269569787066178,0.0015713317479760939,0.8960610472259081,0.03270186886594922,0.009886743643847885,0.0014873173992851509,1237.3,276.9332523357626,0.0,0.0,0.00038589257692281257,2.1848686698336196e-05
simulator,jittered_periodic,nominal,rafts_ts,RAFTS-TS,20,0.30259952679932456,0.023863176163378,0.6974004732006754,0.023863176163378002,2.2415944420344944,0.07127632498492005,3.0,0.0,0.5299618138345256,0.07964215827407056,1.8524999999999998,0.1410288119125794,0.0336923076923077,0.004395096273696484,0.3114615384615384,0.01243847356152038,0.0,0.0,78.35,0.21447168872174688,0.07391622921614227,0.0038943398748790044,0.9081522026481986,0.016754738057725913,0.009863733432376894,0.0015600497996731484,384.85,114.90966785491251,0.0,0.0,0.0002904030923078748,2.1229481359633417e-05
simulator,jittered_periodic,nominal,rafts_ucb,RAFTS-UCB,20,0.14500028199915266,0.009213816822726236,0.8549997180008473,0.00921381682272624,2.6049562357131224,0.029280918744631325,3.0,0.0,0.29147213897213897,0.09258943907933323,1.1924999999999994,0.2597973005410586,0.013384615384615384,0.0024927968730703446,0.11169230769230769,0.00038825869558770944,0.0,0.0,78.35,0.21447168872174688,0.04126598918520538,0.002264327665771396,0.9115359414775431,0.021275068116556606,0.009517456575800862,0.0017022970426278392,1728.65,207.91474125657726,0.0,0.0,0.0004022306307689667,1.4825092424221111e-05
simulator,jittered_periodic,nominal,random,Random,20,0.12680081587385122,0.01807676293047387,0.8731991841261488,0.018076762930473868,2.7156471446884605,0.03779566784544184,3.0,0.0,0.7915139598963128,0.08602238770204265,1.8824999999999996,0.0753339617269244,0.005230769230769231,0.001973686255163479,0.3198461538461539,0.002921886482502418,601.1,73.90537921594498,184.55,25.815621786246528,,,0.9384857154257478,0.02516997021887816,0.009901462019247121,0.001370592832592789,0.0,0.0,0.0,0.0,9.027942307707585e-05,5.953584401054284e-06
simulator,jittered_periodic,nominal,sequential,Sequential,20,0.14333530214471485,0.015072186704295786,0.856664697855285,0.015072186704295786,2.6969966298357484,0.03282189836652262,3.0,0.0,0.9190788786377023,0.11346258350056293,1.9,0.11463993976565795,0.0042307692307692315,0.0012637947631492378,0.5,0.0,0.0,0.0,19.0,0.0,,,0.9313940920190922,0.03345390152998877,0.009968299075353456,0.002086585100545991,0.0,0.0,0.0,0.0,1.6451961538293224e-05,7.308968385125588e-07
simulator,no_emitters,nominal,coverage_sweep,Coverage Sweep,20,,,,,,,,,,,,,-0.004807692307692307,0.0007953551705996284,0.4981538461538461,0.00038516495149866975,0.0,0.0,37.5,0.26601938987501206,,,,,0.00957874709009512,0.0015826865452043804,0.0,0.0,0.0,0.0,1.937524615361606e-05,3.1032150515340567e-06
simulator,no_emitters,nominal,rafts_cpts,RAFTS-CP-TS,20,,,,,,,,,,,,,-0.005346153846153846,0.0008782771703263934,0.4217692307692308,0.0029188139381188007,0.0,0.0,78.4,0.2202849828840144,0.02563674748948109,0.0014466410834481555,,,0.009231444544002852,0.0014993164878843168,0.0,0.0,0.0,0.0,0.00017604183076946358,6.934284697934231e-06
simulator,no_emitters,nominal,rafts_cusum_ucb,RAFTS-CUSUM-UCB,20,,,,,,,,,,,,,-0.008,0.0014278109681248432,0.11142307692307692,0.0005162318252637426,0.0,0.0,78.25,0.19470625648856144,0.019745700287267194,0.0015524605899862594,,,0.009004460803321053,0.0016079550335900696,0.9,1.7640000000000002,0.05,0.09799999999999998,0.0002744561769227753,1.1498233925837503e-05
simulator,no_emitters,nominal,rafts_dts,RAFTS-DTS,20,,,,,,,,,,,,,-0.004884615384615385,0.001004119264196236,0.4273846153846154,0.0028988661965993457,0.0,0.0,75.45,1.7956660690615465,0.0558263553916278,0.0014844648758310791,,,0.008505861239072415,0.0017197732502760325,0.0,0.0,0.0,0.0,0.00018872739230769536,7.66633478422448e-06
simulator,no_emitters,nominal,rafts_ducb,RAFTS-DUCB,20,,,,,,,,,,,,,-0.007846153846153846,0.001063852667273189,0.11076923076923077,0.0,0.0,0.0,78.05,0.09799999999999999,0.0327803061611586,0.001198197338067239,,,0.008823529411764706,0.001196374106795109,0.0,0.0,0.0,0.0,0.0002811607923073238,1.124535991633268e-05
simulator,no_emitters,nominal,rafts_exp3s,RAFTS-EXP3.S,20,,,,,,,,,,,,,-0.005730769230769231,0.0009502491272945275,0.48780769230769233,0.0010449892899008484,0.0,0.0,78.85,0.16055889229418857,0.02933281349005633,0.00179054649341923,,,0.01119295394031992,0.0018595223617141653,0.0,0.0,0.0,0.0,0.00016693596153835154,6.712887513320383e-06
simulator,no_emitters,nominal,rafts_glr_klucb,RAFTS-GLR-KL-UCB*,20,,,,,,,,,,,,,-0.008423076923076924,0.0009627570577715888,0.11965384615384615,0.0008917951201265524,0.0,0.0,78.35,0.21447168872174688,0.020488332483117357,0.0010797307652157385,,,0.009565836525717658,0.0010906147338405918,0.0,0.0,0.0,0.0,0.0031022117000000155,4.800126539839171e-05
simulator,no_emitters,nominal,rafts_klucb,RAFTS-KL-UCB,20,,,,,,,,,,,,,-0.008423076923076924,0.0009627570577715888,0.11965384615384615,0.0008917951201265524,0.0,0.0,78.35,0.21447168872174688,0.020488332483117357,0.0010797307652157385,,,0.009565836525717658,0.0010906147338405918,0.0,0.0,0.0,0.0,0.003092669253846347,4.860818407493918e-05
simulator,no_emitters,nominal,rafts_linucb,RAFTS-LinUCB,20,,,,,,,,,,,,,-0.009923076923076923,0.0011775453357520801,0.13815384615384615,0.00114404887813644,0.0,0.0,78.45,0.22370045761428853,0.014037527622942414,0.0015133909208116928,,,0.011514084715101267,0.0013695366028544736,0.0,0.0,0.0,0.0,0.0012387715923075752,2.4623502711964824e-05
simulator,no_emitters,nominal,rafts_swts,RAFTS-SWTS,20,,,,,,,,,,,,,-0.005538461538461539,0.0009758710903222893,0.4212307692307692,0.0030731551017909356,0.0,0.0,66.05,1.068580859192031,0.07465673797503382,0.0015486249042107921,,,0.009556523801751914,0.0016749021073084733,0.0,0.0,0.0,0.0,0.00019888888461551125,7.125885001743992e-06
simulator,no_emitters,nominal,rafts_swucb,RAFTS-SWUCB,20,,,,,,,,,,,,,-0.007730769230769231,0.0011180007849802447,0.11076923076923077,0.0,0.0,0.0,78.0,0.0,0.04981747248354147,0.001202239140996677,,,0.00869377162629758,0.00125726731874941,0.0,0.0,0.0,0.0,0.0003207566999998772,1.0929799985648187e-05
simulator,no_emitters,nominal,rafts_temporal,RAFTS-Temporal,20,,,,,,,,,,,,,-0.00873076923076923,0.001309245612365133,0.11076923076923077,0.0,0.0,0.0,78.0,0.0,0.020422555092158307,0.0014233410835429877,,,0.00981833910034602,0.0014723350312064647,0.0,0.0,0.0,0.0,0.00025826263846199886,7.22342847122476e-06
simulator,no_emitters,nominal,rafts_ts,RAFTS-TS,20,,,,,,,,,,,,,-0.005346153846153846,0.0008782771703263934,0.4217692307692308,0.0029188139381188007,0.0,0.0,78.4,0.2202849828840144,0.02563674748948109,0.0014466410834481555,,,0.009231444544002852,0.0014993164878843168,0.0,0.0,0.0,0.0,0.0001627657461540366,6.721771411625654e-06
simulator,no_emitters,nominal,rafts_ucb,RAFTS-UCB,20,,,,,,,,,,,,,-0.00803846153846154,0.0014239303273260217,0.11142307692307692,0.0005162318252637426,0.0,0.0,78.25,0.19470625648856144,0.019776713024041555,0.0015499961292475871,,,0.009047750846611097,0.0016035889313573046,0.9,1.7640000000000002,0.0,0.0,0.00027152992307688127,9.260969196857569e-06
simulator,no_emitters,nominal,random,Random,20,,,,,,,,,,,,,-0.006615384615384615,0.0009177454671355428,0.3198461538461539,0.002921886482502418,601.1,73.90537921594498,184.55,25.815621786246528,,,,,0.009721500605731553,0.0013508254672230853,0.0,0.0,0.0,0.0,8.877201538500509e-05,5.044788856126232e-06
simulator,no_emitters,nominal,sequential,Sequential,20,,,,,,,,,,,,,-0.004961538461538462,0.001063149572445696,0.5,0.0,0.0,0.0,19.0,0.0,,,,,0.009923076923076923,0.002126299144891392,0.0,0.0,0.0,0.0,1.6268738461384108e-05,1.2237359273673807e-06
simulator,no_emitters_high_pfa,high_pfa,coverage_sweep,Coverage Sweep,20,,,,,,,,,,,,,-0.050576923076923075,0.0023835571636555263,0.4981538461538461,0.00038516495149866975,0.0,0.0,37.5,0.26601938987501206,,,,,0.10078908762285352,0.004787313039567952,0.0,0.0,0.0,0.0,3.222919230756816e-05,1.3750661536497572e-05
simulator,no_emitters_high_pfa,high_pfa,rafts_cpts,RAFTS-CP-TS,20,,,,,,,,,,,,,-0.06584615384615383,0.003737195033798447,0.3278846153846154,0.007170720727521201,0.0,0.0,78.85,0.16055889229418857,0.10231193982458775,0.0037619329819122823,,,0.09777601986967463,0.00475820524250374,50.5,21.009277249023008,0.0,0.0,0.0007052175076926058,0.0003022557492793851
simulator,no_emitters_high_pfa,high_pfa,rafts_cusum_ucb,RAFTS-CUSUM-UCB,20,,,,,,,,,,,,,-0.09073076923076924,0.0040373852276936,0.1108076923076923,7.538461538461568e-05,0.0,0.0,78.35,0.21447168872174688,0.10261093089814585,0.0036430985383974347,,,0.10203740319657273,0.004540853151806104,1189.25,368.92824129390056,1.2,0.4405699657680288,0.0011873617769236331,0.0005108439112030924
simulator,no_emitters_high_pfa,high_pfa,rafts_dts,RAFTS-DTS,20,,,,,,,,,,,,,-0.06042307692307693,0.0032085221889811945,0.3916538461538462,0.0032341484351994638,0.0,0.0,78.25,0.39902908481251814,0.12853981378370477,0.0034646406436218196,,,0.09927162701097525,0.005008596139078624,59.4,29.229086364171742,0.0,0.0,0.0006756978307694225,0.00028735167188864415
simulator,no_emitters_high_pfa,high_pfa,rafts_ducb,RAFTS-DUCB,20,,,,,,,,,,,,,-0.08723076923076924,0.003550034515866436,0.11076923076923077,0.0,0.0,0.0,78.05,0.09799999999999999,0.1084019895858104,0.002818905234120999,,,0.0980968858131488,0.003992253348292705,1330.95,295.91577799630403,0.0,0.0,0.02481700959230805,0.0462397643841836
simulator,no_emitters_high_pfa,high_pfa,rafts_exp3s,RAFTS-EXP3.S,20,,,,,,,,,,,,,-0.051038461538461546,0.002268866669479321,0.48807692307692313,0.0010744830657628025,0.0,0.0,78.9,0.1348964515158903,0.10679669700798718,0.003469522130192086,,,0.09968776596737619,0.004378570583425016,39.5,11.3037001859894,0.0,0.0,0.0004958878923074596,0.0002332439023099438
simulator,no_emitters_high_pfa,high_pfa,rafts_glr_klucb,RAFTS-GLR-KL-UCB*,20,,,,,,,,,,,,,-0.08796153846153845,0.0027977962364607004,0.11596153846153845,0.0003924727762528969,0.0,0.0,78.0,0.0,0.10055324785270961,0.0024858610147252395,,,0.09949631315759991,0.0031443955743724605,657.6,217.23226865851746,0.0,0.0,0.005628114146153445,0.0023907024266630558
simulator,no_emitters_high_pfa,high_pfa,rafts_klucb,RAFTS-KL-UCB,20,,,,,,,,,,,,,-0.08796153846153845,0.0027977962364607004,0.11596153846153845,0.0003924727762528969,0.0,0.0,78.0,0.0,0.10055324785270961,0.0024858610147252395,,,0.09949631315759991,0.0031443955743724605,657.6,217.23226865851746,0.0,0.0,0.005628850069230722,0.0023758314162555636
simulator,no_emitters_high_pfa,high_pfa,rafts_linucb,RAFTS-LinUCB,20,,,,,,,,,,,,,-0.0856923076923077,0.004291525127100726,0.15250000000000002,0.001934734383539237,0.0,0.0,78.1,0.1348964515158903,0.11069822436454228,0.005099637998683227,,,0.10111313784901788,0.005068224173351583,348.75,137.84043290016635,0.0,0.0,0.002595073292307671,0.0011323604255483396
simulator,no_emitters_high_pfa,high_pfa,rafts_swts,RAFTS-SWTS,20,,,,,,,,,,,,,-0.060115384615384605,0.0026051500392254502,0.3834615384615384,0.003864828187235278,0.0,0.0,71.05,1.4253065413594737,0.14651928906198286,0.002892146369578786,,,0.09744021531480554,0.0038543631683754737,158.55,72.55532645977281,0.0,0.0,0.01731221951538464,0.03275006187623561
simulator,no_emitters_high_pfa,high_pfa,rafts_swucb,RAFTS-SWUCB,20,,,,,,,,,,,,,-0.08873076923076922,0.0029334818224451315,0.11103846153846156,0.00019794364841459243,0.0,0.0,78.05,0.09799999999999999,0.12338259374117758,0.0024418931705028953,,,0.09981209207656408,0.0032891152416178273,963.65,220.22858615108365,0.0,0.0,0.0013130547076922925,0.0005540408280002413
simulator,no_emitters_high_pfa,high_pfa,rafts_temporal,RAFTS-Temporal,20,,,,,,,,,,,,,-0.09023076923076923,0.003484900096509709,0.11076923076923077,0.0,0.0,0.0,78.0,0.0,0.10166075831893802,0.0031622148662153113,,,0.10147058823529412,0.003919005298843098,1440.0,418.77748267018717,0.0,0.0,0.0011374944384616146,0.0004791538123540865
simulator,no_emitters_high_pfa,high_pfa,rafts_ts,RAFTS-TS,20,,,,,,,,,,,,,-0.06584615384615383,0.003737195033798447,0.3278846153846154,0.007170720727521201,0.0,0.0,78.85,0.16055889229418857,0.10231193982458775,0.0037619329819122823,,,0.09777601986967463,0.00475820524250374,50.5,21.009277249023008,0.0,0.0,0.0006818382230769481,0.00030212299036678705
simulator,no_emitters_high_pfa,high_pfa,rafts_ucb,RAFTS-UCB,20,,,,,,,,,,,,,-0.09107692307692308,0.0037467866186564136,0.11076923076923077,0.0,0.0,0.0,78.2,0.17986193535452039,0.10258747369093683,0.0033695836465191314,,,0.10242214532871971,0.00421351436354095,1247.65,339.2686511867922,0.0,0.0,0.0014018586076925623,0.0006600007687571512
simulator,no_emitters_high_pfa,high_pfa,random,Random,20,,,,,,,,,,,,,-0.06473076923076923,0.002568148114878968,0.3198461538461539,0.002921886482502418,601.1,73.90537921594498,184.55,25.815621786246528,,,,,0.0951552473856042,0.003670918263160861,0.0,0.0,0.0,0.0,0.0001358925461540471,4.5862662319603806e-05
simulator,no_emitters_high_pfa,high_pfa,sequential,Sequential,20,,,,,,,,,,,,,-0.04784615384615385,0.002210981454234419,0.5,0.0,0.0,0.0,19.0,0.0,,,,,0.0956923076923077,0.004421962908468838,0.0,0.0,0.0,0.0,3.160641538516546e-05,1.4144507471570945e-05
simulator,periodic,nominal,coverage_sweep,Coverage Sweep,20,0.17105263157894737,0.017350616241162655,0.8289473684210525,0.01735061624116266,3.549561403508772,0.05643681690507037,4.0,0.0,1.4877745219002576,0.11819295479968527,2.9775,0.039248325475510354,0.010499999999999999,0.0016122812295012862,0.4981538461538461,0.00038516495149866975,0.0,0.0,37.5,0.26601938987501206,,,0.9069265070414921,0.023074722333419548,0.009515191524883126,0.0015640569615496017,0.0,0.0,0.0,0.0,1.6277699999661236e-05,4.661944066599115e-07
simulator,periodic,nominal,rafts_cpts,RAFTS-CP-TS,20,0.3504385964912281,0.025362908064852255,0.6495614035087719,0.02536290806485226,2.807456140350877,0.08562467758126542,4.0,0.0,0.628784373247022,0.052699604690173235,2.5774999999999992,0.18409439655270673,0.07619230769230768,0.007490279626420381,0.2542307692307692,0.013597195654958694,0.0,0.0,78.3,0.2060577333508359,0.11313184447526488,0.006379939993744028,0.8890102905631482,0.01262891284907432,0.011048448253415258,0.0014345359925703803,996.6,168.52511462749558,0.0,0.0,0.0003293597230769172,3.0975195410762415e-05
simulator,periodic,nominal,rafts_cusum_ucb,RAFTS-CUSUM-UCB,20,0.1600877192982456,0.010936213597383547,0.8399122807017543,0.01093621359738355,3.4364035087719302,0.04420258084958288,4.0,0.0,0.5486314173405302,0.1067122110477663,2.304999999999999,0.3578147977287754,0.0335,0.003419705823098955,0.11423076923076925,0.0011549770436456686,0.0,0.0,78.2,0.1798619353545204,0.05855029599832072,0.003019399668086603,0.9100973883387496,0.021115768014020136,0.009008759130969771,0.001495819457814392,2608.0,240.33186698922452,2.6,0.5395858060635612,0.0005013700076924579,0.00017638313561536053
simulator,periodic,nominal,rafts_dts,RAFTS-DTS,20,0.1894736842105263,0.018348604842634602,0.8105263157894737,0.01834860484263459,3.4513157894736843,0.05420383810980568,4.0,0.0,1.1714953299342592,0.13470253226403658,2.9025,0.13157207150455597,0.028461538461538455,0.004775263782435537,0.37419230769230777,0.010862477158918617,0.0,0.0,77.85,0.5372387492393028,0.09781685189064464,0.004407838786488863,0.8872630789794961,0.019529053918754088,0.01076526823013009,0.0018991820921704932,719.35,249.1976515944934,0.0,0.0,0.00028469285384576673,1.8484850331829063e-05
simulator,periodic,nominal,rafts_ducb,RAFTS-DUCB,20,0.12631578947368421,0.0054938308594376095,0.873684210526316,0.005493830859437609,3.560526315789474,0.017984636491469086,4.0,0.0,0.6550872373240794,0.07760501872627537,2.3625,0.23972075311429392,0.021307692307692305,0.0016591827655182275,0.11096153846153847,0.00014977404345274008,0.0,0.0,78.0,0.0,0.06030970138110401,0.0011449393365114953,0.9087292248077619,0.012604557339796577,0.01010755748664354,0.0011248714099858983,2215.0,194.64098000921433,0.0,0.0,0.0004004037615384452,1.578009766395401e-05
simulator,periodic,nominal,rafts_exp3s,RAFTS-EXP3.S,20,0.19429824561403508,0.013960681695149087,0.8057017543859649,0.013960681695149083,3.479824561403509,0.04635397499718747,4.0,0.0,1.4154973567329707,0.12140024532589049,2.9924999999999997,0.014700000000000206,0.013115384615384616,0.0014447826646216656,0.4881153846153846,0.0010230053245775382,0.0,0.0,78.75,0.19470625648856144,0.056564125521284134,0.002082927768688435,0.9201444565214982,0.02313580129578916,0.010477393885784057,0.0013985734265158157,24.65,10.63153215674956,0.0,0.0,0.0002185298384615285,1.9027411717575498e-05
simulator,periodic,nominal,rafts_glr_klucb,RAFTS-GLR-KL-UCB*,20,0.2491228070175438,0.009852959879623178,0.7508771929824561,0.009852959879623174,3.083771929824562,0.038736457996877874,4.0,0.0,0.35065205198039884,0.056228670568150625,1.8599999999999994,0.3017716669062363,0.05984615384615384,0.002972628041177162,0.1223846153846154,0.0009715707246510993,0.0,0.0,78.2,0.17986193535452039,0.08457838423849504,0.0025773651822786083,0.9060336656257808,0.012184043660740856,0.01054891431582995,0.0013084603488315726,3011.2,212.30664497323082,0.1,0.19599999999999995,0.003624857846154135,0.0009042365234119867
simulator,periodic,nominal,rafts_klucb,RAFTS-KL-UCB,20,0.24824561403508766,0.010063867582774699,0.7517543859649123,0.010063867582774699,3.0881578947368427,0.03897669260334569,4.0,0.0,0.3553223816507285,0.05466184360849478,1.8974999999999995,0.2888376150966782,0.05965384615384615,0.0029944322672131748,0.12242307692307694,0.00101005909278244,0.0,0.0,78.2,0.17986193535452039,0.08420276546985857,0.0025184821939359184,0.9060336656257808,0.012184043660740856,0.010497278074873322,0.0013035758022614545,3004.5,209.67326040896657,0.0,0.0,0.003467514769230827,0.00044488855831721993
simulator,periodic,nominal,rafts_linucb,RAFTS-LinUCB,20,0.2675438596491228,0.02059006287705097,0.7324561403508772,0.020590062877050962,3.064035087719298,0.07228051394430055,4.0,0.0,0.536185102719652,0.05688156941355841,2.7449999999999997,0.1451661044966658,0.060384615384615384,0.006073763745959464,0.15465384615384611,0.0020881889384502146,0.0,0.0,78.45,0.22370045761428853,0.08151414050713762,0.005373445353996525,0.8960298666079927,0.013048480106314302,0.009949427229114755,0.0014246454511565448,2273.55,287.34771849084643,0.0,0.0,0.0015872273153843426,0.0005300443717405363
simulator,periodic,nominal,rafts_swts,RAFTS-SWTS,20,0.19912280701754384,0.018504801926832355,0.8008771929824562,0.01850480192683236,3.4184210526315786,0.05686010282431282,4.0,0.0,1.144021117906149,0.14830547850245893,2.9,0.13489645151589028,0.0335,0.00414846163230038,0.36173076923076924,0.007143138519172067,0.0,0.0,72.6,1.527503363765785,0.12143314277718933,0.004797135489142927,0.9040391086753223,0.018253254840513912,0.009500744850953063,0.0012556707415945663,1073.0,231.75979848473338,0.0,0.0,0.0003221273923076156,1.716512093628575e-05
simulator,periodic,nominal,rafts_swucb,RAFTS-SWUCB,20,0.15438596491228068,0.008766735304071804,0.8456140350877192,0.008766735304071812,3.458771929824562,0.030325285566862085,4.0,0.0,0.6046931667403803,0.0729477456081471,2.5675,0.2319402951759694,0.028576923076923073,0.002336411070984539,0.11373076923076923,0.0003331139940660954,0.0,0.0,78.2,0.17986193535452039,0.08379062289219699,0.0022975657439326504,0.9111981605940354,0.014081097125414433,0.009458711091114503,0.0015100443261222766,2172.9,208.97468063002526,0.0,0.0,0.0004343618923075365,1.8768290353421675e-05
simulator,periodic,nominal,rafts_temporal,RAFTS-Temporal,20,0.11140350877192981,0.005729485797197117,0.8885964912280702,0.005729485797197117,3.6328947368421054,0.019132085392126522,4.0,0.0,0.8623870247399659,0.047269886289363794,2.9375,0.08790579586903494,0.015769230769230768,0.001933574586622021,0.11076923076923077,0.0,0.0,0.0,78.0,0.0,0.04250918203839293,0.001609787969388216,0.9094419591790045,0.022085871017430397,0.009717167827206063,0.0014867939243766344,1551.4,216.6173810084208,0.0,0.0,0.00035086856153807635,1.5153425417252671e-05
simulator,periodic,nominal,rafts_ts,RAFTS-TS,20,0.3504385964912281,0.025362908064852255,0.6495614035087719,0.02536290806485226,2.807456140350877,0.08562467758126542,4.0,0.0,0.628784373247022,0.052699604690173235,2.5774999999999992,0.18409439655270673,0.07619230769230768,0.007490279626420381,0.2542307692307692,0.013597195654958694,0.0,0.0,78.3,0.2060577333508359,0.11313184447526488,0.006379939993744028,0.8890102905631482,0.01262891284907432,0.011048448253415258,0.0014345359925703803,996.6,168.52511462749558,0.0,0.0,0.0003048626846151679,1.6519895553088944e-05
simulator,periodic,nominal,rafts_ucb,RAFTS-UCB,20,0.13640350877192983,0.006997731728201493,0.86359649122807,0.006997731728201501,3.519298245614035,0.0320099711506543,4.0,0.0,0.5976647501105705,0.11204316147911325,2.5725,0.3337362171409917,0.027846153846153847,0.003293394652004582,0.11203846153846157,0.0006116945030467529,0.0,0.0,78.15,0.16055889229418857,0.05351242783459635,0.002402423779901777,0.9104845343564005,0.017172169963791995,0.009511940382463276,0.00175653617392389,2427.9,196.34120206577012,0.0,0.0,0.00040199701538487997,1.3370186810923412e-05
simulator,periodic,nominal,random,Random,20,0.1442982456140351,0.01918081411897844,0.8557017543859651,0.01918081411897844,3.571491228070175,0.05657448299221382,4.0,0.0,1.141190583653819,0.16399414482469413,2.7649999999999997,0.2130647591201966,0.013500000000000002,0.002639821511854604,0.3198461538461539,0.002921886482502418,601.1,73.90537921594498,184.55,25.815621786246528,,,0.9054977225297746,0.017025752529512193,0.009876564803004922,0.0014662216571638541,0.0,0.0,0.0,0.0,8.26820999998465e-05,3.897772028005777e-06
simulator,periodic,nominal,sequential,Sequential,20,0.14298245614035085,0.003964013331769772,0.857017543859649,0.003964013331769784,3.600438596491229,0.011994622647043247,4.0,0.0,1.328704481792717,0.03262578696290568,3.0,0.0,0.007769230769230769,0.0009838076139998414,0.5,0.0,0.0,0.0,19.0,0.0,,,0.9055555555555553,0.025105417767875216,0.009810126582278481,0.002069413958387721,0.0,0.0,0.0,0.0,1.6691184615130905e-05,1.036484481177381e-06
simulator,periodic_low_pd,low_pd,coverage_sweep,Coverage Sweep,20,0.08771929824561404,0.00908055418667853,0.9122807017543861,0.009080554186678531,3.757894736842105,0.02204600655188402,4.0,0.0,1.4175755494505495,0.1364047498638915,2.7949999999999995,0.12596356198269576,0.0031153846153846153,0.001005310037533939,0.4981538461538461,0.00038516495149866975,0.0,0.0,37.5,0.26601938987501206,,,0.47408863367690834,0.04803353139370749,0.009515191524883126,0.0015640569615496017,0.0,0.0,0.0,0.0,3.310913846144103e-05,7.339786802492346e-06
simulator,periodic_low_pd,low_pd,rafts_cpts,RAFTS-CP-TS,20,0.1881578947368421,0.019017899486611624,0.8118421052631577,0.01901789948661162,3.460526315789474,0.0607799735154712,4.0,0.0,1.2138811373811373,0.1269530453155456,2.8724999999999996,0.13271960748331915,0.020807692307692312,0.0035467893377027237,0.34892307692307684,0.010695390904896051,0.0,0.0,78.5,0.2248274191931505,0.05951701603557171,0.00411470438799041,0.4637354264138699,0.02501503596751645,0.009497748499227087,0.0010179515077077164,79.25,44.32348693056775,0.0,0.0,0.0005240053384620226,0.00012180186309337412
simulator,periodic_low_pd,low_pd,rafts_cusum_ucb,RAFTS-CUSUM-UCB,20,0.10921052631578947,0.006417891991141083,0.8907894736842106,0.006417891991141075,3.6447368421052637,0.031591682053182545,4.0,0.0,0.8519885669885671,0.15464486907584468,2.5425,0.20399604098325563,0.00953846153846154,0.002394886486472664,0.11200000000000002,0.0007992939893089238,0.0,0.0,78.5,0.2248274191931505,0.03755929239477547,0.0019552413838910183,0.46911651818569017,0.03465071961049556,0.009214894778678855,0.0014877250724974265,598.9,230.56929974852747,0.4,0.26219157319149594,0.0007469990076921162,0.0001710699648138963
simulator,periodic_low_pd,low_pd,rafts_dts,RAFTS-DTS,20,0.09780701754385965,0.006975463631234905,0.9021929824561404,0.006975463631234902,3.7232456140350885,0.023317526356007572,4.0,0.0,1.313767898767899,0.1492397676955263,2.785,0.16568728312539163,0.005961538461538462,0.0015151133154872405,0.4172692307692308,0.00271577416893512,0.0,0.0,77.65,0.5372387492393028,0.07354076303547716,0.0020493301141280354,0.43381550256182794,0.0333005726758561,0.010608740829894077,0.0015666729630812461,81.4,86.86959084682474,0.0,0.0,0.0004404682307695811,9.469954598801906e-05
simulator,periodic_low_pd,low_pd,rafts_ducb,RAFTS-DUCB,20,0.08552631578947369,0.006585395424295481,0.9144736842105263,0.0065853954242954815,3.72280701754386,0.022911153692805143,4.0,0.0,0.9403921078921078,0.13606861290814196,2.4349999999999996,0.18744459391903967,0.005307692307692308,0.0012797868477148568,0.11084615384615384,0.00010376650116606983,0.0,0.0,78.15,0.16055889229418857,0.0465780349746863,0.001696059696056786,0.46388178277693076,0.034829623795163966,0.00961568595348085,0.0013346171097480758,637.5,244.53119399760578,0.0,0.0,0.0007121272692307125,0.00015938325842111564
simulator,periodic_low_pd,low_pd,rafts_exp3s,RAFTS-EXP3.S,20,0.0969298245614035,0.01281000167614227,0.9030701754385968,0.012810001676142272,3.738596491228069,0.03736937561367779,4.0,0.0,1.4703336940836942,0.1708923709832064,2.8375,0.12715675158513695,0.0036153846153846154,0.0014139177401445103,0.488,0.0010166999210031468,0.0,0.0,78.85,0.16055889229418857,0.043835525062137795,0.0021796658679396528,0.4608057922401795,0.0510775435922683,0.01069113485930343,0.001240665306281524,8.15,5.895924926323443,0.0,0.0,0.0003495118923075587,7.386924749672604e-05
simulator,periodic_low_pd,low_pd,rafts_glr_klucb,RAFTS-GLR-KL-UCB*,20,0.1381578947368421,0.013882454325834888,0.8618421052631579,0.013882454325834888,3.5662280701754385,0.047109283819529175,4.0,0.0,0.9674325023531679,0.1370729568828806,2.5199999999999996,0.21987156059366744,0.014307692307692308,0.0034037943178650987,0.11842307692307696,0.0006605923938455566,0.0,0.0,78.15,0.16055889229418857,0.042801646754941004,0.0026540514679811917,0.4398893595039913,0.030715405770358684,0.009522314317217248,0.0013428408034360257,293.1,144.67646346680982,0.05,0.09799999999999998,0.006506277884615814,0.0013161431195702414
simulator,periodic_low_pd,low_pd,rafts_klucb,RAFTS-KL-UCB,20,0.1381578947368421,0.013882454325834888,0.8618421052631579,0.013882454325834888,3.564912280701755,0.046710054185468086,4.0,0.0,0.957432502353168,0.13301702740584057,2.5199999999999996,0.21987156059366744,0.014423076923076922,0.0033763999484136146,0.11842307692307696,0.0006605923938455566,0.0,0.0,78.15,0.16055889229418857,0.04276155240753361,0.002656556837712064,0.44228372570117436,0.02967274630474774,0.00942626735785496,0.0013183095542044125,304.3,148.43582969648605,0.0,0.0,0.006076848853846549,0.001259469449872333
simulator,periodic_low_pd,low_pd,rafts_linucb,RAFTS-LinUCB,20,0.11578947368421051,0.014417091295528232,0.8842105263157896,0.014417091295528234,3.640350877192983,0.04060947286956702,4.0,0.0,1.020398340050043,0.10060863496946724,2.5975,0.18090925174910505,0.00953846153846154,0.0026191764843637704,0.14073076923076921,0.001867396644353714,0.0,0.0,78.2,0.17986193535452039,0.034499977637577214,0.0035026035956513724,0.4463827186420586,0.024447386650767376,0.010338945276047855,0.0015636357997697462,202.45,96.82150193879565,0.0,0.0,0.002475193646153807,0.0005126921629307167
simulator,periodic_low_pd,low_pd,rafts_swts,RAFTS-SWTS,20,0.09605263157894736,0.01408273249601929,0.9039473684210527,0.014082732496019287,3.726754385964912,0.03561446970155417,4.0,0.0,1.3019994807823756,0.18255663102386263,2.675,0.19541887534756022,0.006346153846153847,0.0020105456944350696,0.4099615384615384,0.0030596458048195475,0.0,0.0,68.35,1.1130660357768536,0.09121976171706427,0.0029727331953711177,0.43881273921195635,0.035553569725266396,0.009969765850847384,0.0015011509741389556,54.25,41.07022226433776,0.0,0.0,0.00046818316153859565,9.851541861969594e-05
simulator,periodic_low_pd,low_pd,rafts_swucb,RAFTS-SWUCB,20,0.09561403508771929,0.007576831037237564,0.9043859649122806,0.007576831037237562,3.7017543859649122,0.02206716733732051,4.0,0.0,1.0295809052059053,0.12416027130654084,2.53,0.1880234811763792,0.006615384615384616,0.0018894496701572399,0.11207692307692307,0.00041071964400697495,0.0,0.0,78.05,0.09799999999999999,0.06487736403057738,0.0017051487058086017,0.4529836952187183,0.03100202792296645,0.009209710174129405,0.0014699639075392468,341.6,145.13353683744967,0.0,0.0,0.0007748034538466387,0.00016085156084142042
simulator,periodic_low_pd,low_pd,rafts_temporal,RAFTS-Temporal,20,0.08333333333333333,0.007326287664054863,0.9166666666666666,0.007326287664054872,3.7451754385964913,0.024552530714990233,4.0,0.0,1.1477224164724162,0.1581945730342128,2.735,0.22973138089608278,0.004153846153846155,0.0018118739127426496,0.11076923076923077,0.0,0.0,0.0,78.0,0.0,0.032631059576486786,0.0014723360460726525,0.47332776361516926,0.0371356947808704,0.009717167827206063,0.0014867939243766344,449.8,208.3473449511909,0.0,0.0,0.0006805616846153359,0.00013850686478414966
simulator,periodic_low_pd,low_pd,rafts_ts,RAFTS-TS,20,0.1881578947368421,0.019017899486611624,0.8118421052631577,0.01901789948661162,3.460526315789474,0.0607799735154712,4.0,0.0,1.2138811373811373,0.1269530453155456,2.8724999999999996,0.13271960748331915,0.020807692307692312,0.0035467893377027237,0.34892307692307684,0.010695390904896051,0.0,0.0,78.5,0.2248274191931505,0.05951701603557171,0.00411470438799041,0.4637354264138699,0.02501503596751645,0.009497748499227087,0.0010179515077077164,79.25,44.32348693056775,0.0,0.0,0.0004687655692303871,0.00010839989829842938
simulator,periodic_low_pd,low_pd,rafts_ucb,RAFTS-UCB,20,0.10789473684210527,0.006843175331244148,0.8921052631578948,0.006843175331244144,3.6460526315789474,0.03183146473823314,4.0,0.0,0.8193528693528694,0.13178248972940082,2.4974999999999996,0.21012344617290804,0.009615384615384614,0.0026262470306903543,0.11153846153846154,0.00037890168934694824,0.0,0.0,78.55,0.22370045761428853,0.037709366959953194,0.0020043455798668492,0.49199419096542607,0.037309528660877576,0.009375408550968915,0.001605362320700982,638.2,249.69967607592338,0.0,0.0,0.0007275412538459091,0.00015861994977730632
simulator,periodic_low_pd,low_pd,random,Random,20,0.09166666666666666,0.013971821279363254,0.9083333333333334,0.013971821279363254,3.7451754385964917,0.03583656557277729,4.0,0.0,1.3735801844354474,0.16653203953494783,2.7424999999999997,0.2279837609637096,0.003615384615384615,0.00152779313161347,0.3198461538461539,0.002921886482502418,601.1,73.90537921594498,184.55,25.815621786246528,,,0.46304657270277527,0.040896406627202404,0.009876564803004922,0.0014662216571638541,0.0,0.0,0.0,0.0,0.00016343266923006294,3.4753272099443614e-05
simulator,periodic_low_pd,low_pd,sequential,Sequential,20,0.06842105263157894,0.009046223046045845,0.9315789473684213,0.009046223046045843,3.793859649122806,0.027112859651425784,4.0,0.0,1.2461616161616162,0.13472619557325463,2.4899999999999993,0.22556812951441427,0.0012307692307692308,0.0011647760867631318,0.5,0.0,0.0,0.0,19.0,0.0,,,0.4333333333333333,0.05729274595829034,0.009810126582278481,0.002069413958387721,0.0,0.0,0.0,0.0,3.200743076922663e-05,6.7690726706461365e-06
simulator,periodic_to_random,nominal,coverage_sweep,Coverage Sweep,20,0.057845713385855854,0.0049244437713407765,0.9421542866141444,0.004924443771340777,1.2435414674828764,0.009477064318130245,3.0,0.0,0.32083155646317735,0.05016922912407887,1.7324999999999995,0.18310326537086577,0.01457692307692308,0.0017888647928123475,0.4981538461538461,0.00038516495149866975,0.0,0.0,37.5,0.26601938987501206,,,0.8930535412840301,0.023489457723045278,0.009449540680705866,0.0016919523918430528,0.0,0.0,0.0,0.0,1.900168461543217e-05,1.961196264393325e-06
simulator,periodic_to_random,nominal,rafts_cpts,RAFTS-CP-TS,20,0.08925319328892507,0.006324149841804556,0.910746806711075,0.006324149841804558,1.1820552561294724,0.014316612083714722,3.0,0.0,0.16975789638205327,0.03408973782050249,1.0799999999999998,0.21381075744686012,0.03538461538461539,0.004293754780518899,0.3196538461538462,0.013613452682076118,0.0,0.0,78.6,0.2202849828840144,0.07742353805434796,0.0045581555173253956,0.8993292912130026,0.016348159736187983,0.009606393537417652,0.0012369446527606674,253.65,108.91028892577017,0.0,0.0,0.000298129315384498,1.8558329242621204e-05
simulator,periodic_to_random,nominal,rafts_cusum_ucb,RAFTS-CUSUM-UCB,20,0.08361138048205254,0.004585117168807129,0.9163886195179474,0.004585117168807133,1.2067628688734044,0.008698629819560507,3.0,0.0,0.04151358718899041,0.01674978883343161,0.1849999999999996,0.14380169825510616,0.029000000000000005,0.0024264011385603784,0.11196153846153847,0.0006233191911666214,0.0,0.0,78.05,0.09799999999999999,0.058160342826899344,0.002380594094682532,0.8954597856140228,0.019213601531778545,0.009630642086576081,0.001787656236400707,1977.4,297.268218187584,0.8,0.462947990713064,0.0004470434692306858,1.9175330101079706e-05
simulator,periodic_to_random,nominal,rafts_dts,RAFTS-DTS,20,0.06460791558435455,0.00541407039188131,0.9353920844156456,0.00541407039188131,1.234776526139308,0.010352473535524475,3.0,0.0,0.24575439963222284,0.054272463118039425,1.3549999999999995,0.24234476963289514,0.020423076923076926,0.002210643233698222,0.4018076923076923,0.004926055918024626,0.0,0.0,77.15,0.7005818634309776,0.09165010285603606,0.0025952910783273667,0.8921094046145202,0.020180897992921755,0.010082039726741938,0.0016346057177982524,344.8,158.10644216309998,0.0,0.0,0.0002554320384610597,1.4671175604834331e-05
simulator,periodic_to_random,nominal,rafts_ducb,RAFTS-DUCB,20,0.08657929606783368,0.0052696574023380505,0.9134207039321662,0.0052696574023380505,1.2088489406955498,0.008743130392141883,3.0,0.0,0.12091192616404833,0.020216106371552994,0.7574999999999994,0.17820675603000255,0.027846153846153843,0.0024812516305915645,0.11076923076923077,0.0,0.0,0.0,78.0,0.0,0.06793730335300585,0.0016743448308748478,0.9078483400145185,0.02272287493330433,0.009319231322060185,0.0010861649139619974,1368.0,258.4289231816789,0.0,0.0,0.00042922502307695916,1.3685902343878237e-05
simulator,periodic_to_random,nominal,rafts_exp3s,RAFTS-EXP3.S,20,0.06122499560113155,0.004955138491194139,0.9387750043988685,0.004955138491194139,1.2361279863378472,0.010389260026350133,3.0,0.0,0.36386722738225297,0.05562943846003995,1.7274999999999998,0.188302191339235,0.015692307692307693,0.0017582562636764291,0.4879615384615385,0.0011381513419180833,0.0,0.0,78.95,0.09799999999999999,0.06426462938473063,0.003355719395698173,0.9007656730239052,0.01991038741459328,0.010225923948380233,0.0014919099825388875,37.4,31.706055128152943,0.0,0.0,0.00019925400000017995,1.1546949937609447e-05
simulator,periodic_to_random,nominal,rafts_glr_klucb,RAFTS-GLR-KL-UCB*,20,0.09365080102318002,0.005314320141381795,0.9063491989768201,0.005314320141381796,1.18587845572223,0.00798131588372352,3.0,0.0,0.11384207270085053,0.018848644971052306,0.9199999999999997,0.1801988609111728,0.03434615384615385,0.0029334818224451306,0.11853846153846155,0.0006177763239406933,0.0,0.0,78.0,0.0,0.06543717424064063,0.002748812881738508,0.902103503723484,0.01250341300659016,0.01051655268370481,0.001150155690944761,1498.4,299.56568915189973,0.0,0.0,0.003326565823076705,9.347057095122794e-05
simulator,periodic_to_random,nominal,rafts_klucb,RAFTS-KL-UCB,20,0.09365080102318002,0.005314320141381795,0.9063491989768201,0.005314320141381796,1.18587845572223,0.00798131588372352,3.0,0.0,0.11384207270085053,0.018848644971052306,0.9199999999999997,0.1801988609111728,0.03434615384615385,0.0029334818224451306,0.11853846153846155,0.0006177763239406933,0.0,0.0,78.0,0.0,0.06543717424064063,0.002748812881738508,0.902103503723484,0.01250341300659016,0.01051655268370481,0.001150155690944761,1498.4,299.56568915189973,0.0,0.0,0.0033471370769230604,9.907562017282059e-05
simulator,periodic_to_random,nominal,rafts_linucb,RAFTS-LinUCB,20,0.08945995941438199,0.006597434625300475,0.910540040585618,0.006597434625300474,1.197893937270196,0.010249749809742165,3.0,0.0,0.0929994593816608,0.015045856731727154,0.5624999999999993,0.21504539912355836,0.030884615384615382,0.002996029990215958,0.14715384615384614,0.002396634305649722,0.0,0.0,78.4,0.2202849828840144,0.05924449788179834,0.0032074100536160356,0.8882545744450796,0.019578498517350027,0.010947556289964614,0.0016517064295051042,573.6,135.99724171815902,0.0,0.0,0.0013448500692306532,4.840077694741487e-05
simulator,periodic_to_random,nominal,rafts_swts,RAFTS-SWTS,20,0.06761942650891331,0.007096381411953958,0.9323805734910866,0.007096381411953954,1.22933352530131,0.01314234842528098,3.0,0.0,0.22889208076048595,0.042295899382168205,1.3174999999999997,0.258920279338316,0.022115384615384613,0.0033461456559069572,0.39084615384615384,0.0056294854402527805,0.0,0.0,71.0,1.6087340560695216,0.11422138858320574,0.00399515202100818,0.912876936180864,0.014917406304958976,0.01098237623771602,0.001699598920265529,467.45,166.7873674245776,0.0,0.0,0.00028845434615378993,1.8874327555879548e-05
simulator,periodic_to_random,nominal,rafts_swucb,RAFTS-SWUCB,20,0.08815426455327373,0.0047070083318871995,0.9118457354467264,0.004707008331887201,1.1981395420226653,0.009383919221049131,3.0,0.0,0.08241430010560709,0.021947405986281476,0.4724999999999998,0.23054130695067707,0.030192307692307692,0.0020950528252776423,0.11323076923076922,0.000338899973667715,0.0,0.0,78.15,0.16055889229418857,0.08828266259604992,0.0020876488286853227,0.8977106252414908,0.013370740155258624,0.010169377156789044,0.0016790574414514915,1639.45,215.88211520910642,0.0,0.0,0.0004584437461541641,1.0549579193622925e-05
simulator,periodic_to_random,nominal,rafts_temporal,RAFTS-Temporal,20,0.08285147690096678,0.005305211707439342,0.9171485230990332,0.005305211707439346,1.221400880643782,0.009463540801889391,3.0,0.0,0.07488756637561154,0.012563772123521222,0.3149999999999995,0.1649228272476811,0.023692307692307693,0.0028303727939267003,0.11076923076923077,0.0,0.0,0.0,78.0,0.0,0.053178754991249265,0.0021870134813101604,0.9190675879985338,0.01830765881806491,0.009808230336547142,0.0015767613324787046,1019.2,351.0798782415552,0.0,0.0,0.00040311736153867404,2.476638640900676e-05
simulator,periodic_to_random,nominal,rafts_ts,RAFTS-TS,20,0.08925319328892507,0.006324149841804556,0.910746806711075,0.006324149841804558,1.1820552561294724,0.014316612083714722,3.0,0.0,0.16975789638205327,0.03408973782050249,1.0799999999999998,0.21381075744686012,0.03538461538461539,0.004293754780518899,0.3196538461538462,0.013613452682076118,0.0,0.0,78.6,0.2202849828840144,0.07742353805434796,0.0045581555173253956,0.8993292912130026,0.016348159736187983,0.009606393537417652,0.0012369446527606674,253.65,108.91028892577017,0.0,0.0,0.0002847069999997284,1.8316051272547242e-05
simulator,periodic_to_random,nominal,rafts_ucb,RAFTS-UCB,20,0.08639956702296027,0.004663147009554034,0.9136004329770395,0.004663147009554039,1.2046118692300927,0.009325591641624716,3.0,0.0,0.03781133128172602,0.017524846617939422,0.16499999999999931,0.14238872663832694,0.029884615384615388,0.002844445290872828,0.11169230769230769,0.0005534213395523701,0.0,0.0,78.25,0.19470625648856144,0.05858304739723521,0.0024217624569845765,0.8922670742455431,0.018237382147150667,0.00945339617184365,0.001867843750989074,1935.75,232.89567850954438,0.0,0.0,0.0004406069846153024,2.561548549375162e-05
simulator,periodic_to_random,nominal,random,Random,20,0.07035818200687478,0.005859380991057925,0.9296418179931252,0.005859380991057924,1.2273099819063418,0.00817717694222154,3.0,0.0,0.18093508215624973,0.03745986700378857,1.2674999999999994,0.27252153077663804,0.020153846153846154,0.0018741914149790872,0.3198461538461539,0.002921886482502418,601.1,73.90537921594498,184.55,25.815621786246528,,,0.9070670441935407,0.017277832625347402,0.009815845249148228,0.0013644892970938564,0.0,0.0,0.0,0.0,8.395831538487422e-05,3.330998682809981e-06
simulator,periodic_to_random,nominal,sequential,Sequential,20,0.05796159147050735,0.0045818623993679,0.9420384085294928,0.004581862399367897,1.2436794443670673,0.00917851596913497,3.0,0.0,0.36798361379505573,0.029711040556911247,1.95,0.098,0.014500000000000002,0.0021497314948254083,0.5,0.0,0.0,0.0,19.0,0.0,,,0.8812604506453997,0.027208667780657947,0.009723647058238303,0.0021504579452169383,0.0,0.0,0.0,0.0,1.80101615384886e-05,2.886217025082662e-06
simulator,quiet_to_active,nominal,coverage_sweep,Coverage Sweep,20,0.05068798373539992,0.003380931634701551,0.9493120162646,0.0033809316347015476,1.122086688845895,0.0088824785112017,2.0,0.0,0.18441604795977296,0.028009424744318098,1.065,0.10082200052306874,0.028153846153846158,0.002680132470452085,0.4981538461538461,0.00038516495149866975,0.0,0.0,37.5,0.26601938987501206,,,0.8749325601943603,0.02237188039667217,0.009511667127013516,0.0016371250823238395,0.0,0.0,0.0,0.0,1.9332430769002084e-05,1.8926096182840013e-06
simulator,quiet_to_active,nominal,rafts_cpts,RAFTS-CP-TS,20,0.06874919282756554,0.00456865003110117,0.9312508071724345,0.004568650031101173,1.1015291668095233,0.009651761343954726,2.0,0.0,0.09505666481704281,0.021173038018828225,0.7099999999999994,0.21769982230488621,0.044307692307692305,0.004633354706157711,0.34803846153846146,0.005129740945461969,0.0,0.0,78.55,0.22370045761428853,0.08782299429077198,0.0046869496424091555,0.8966884452779886,0.01211606585343709,0.008952614297030145,0.001030967225184719,50.55,25.645497148622404,0.0,0.0,0.00025676053076914774,1.2980315800187522e-05
simulator,quiet_to_active,nominal,rafts_cusum_ucb,RAFTS-CUSUM-UCB,20,0.08319571531239098,0.0030807000975923413,0.9168042846876091,0.003080700097592341,1.0829149930162363,0.009850590527917855,2.0,0.0,0.04242246290022144,0.013164043806898201,0.24999999999999928,0.1671905940441685,0.05330769230769231,0.0028293158564411266,0.11173076923076923,0.0006175342011314942,0.0,0.0,78.2,0.17986193535452039,0.08010367915095934,0.0023058336757147053,0.8953432672362289,0.01187551263004149,0.009327793007368038,0.001715633427816108,574.0,201.1852931948425,1.5,0.41456127729393505,0.00043114419999983506,2.2181158287910807e-05
simulator,quiet_to_active,nominal,rafts_dts,RAFTS-DTS,20,0.06249302214443035,0.0040260435085732234,0.9375069778555696,0.004026043508573231,1.1088570866832101,0.008551765700687915,2.0,0.0,0.13179004491245364,0.039294609989635146,0.9049999999999994,0.2129223678640696,0.039615384615384615,0.003693886639454246,0.40076923076923077,0.0036556322930308355,0.0,0.0,78.35,0.32658069044023563,0.11176596303543615,0.003248611878354755,0.9018935481063055,0.0175164857614976,0.00941382598437289,0.0019034499940821358,61.65,28.67912342123668,0.0,0.0,0.00025847982307655346,1.3305278993911797e-05
simulator,quiet_to_active,nominal,rafts_ducb,RAFTS-DUCB,20,0.08103136811696093,0.0025846028055442915,0.9189686318830391,0.0025846028055442915,1.0861506412689388,0.008032973357098521,2.0,0.0,0.0462416003150864,0.011546737890383994,0.25500000000000006,0.1833274263801188,0.052000000000000005,0.002085107162214847,0.11076923076923077,0.0,0.0,0.0,78.05,0.09799999999999999,0.08592902316009372,0.002223923413739744,0.8988493223746714,0.014372553347112809,0.008832036410025558,0.0013899911961053248,651.75,153.67488612755108,0.0,0.0,0.0004306614538461593,1.6470294930110048e-05
simulator,quiet_to_active,nominal,rafts_exp3s,RAFTS-EXP3.S,20,0.05037067072615511,0.0037218846790050145,0.9496293292738448,0.003721884679005013,1.1225651772479586,0.008844657227541372,2.0,0.0,0.18772290589574442,0.029880030135831948,1.0499999999999996,0.06074502362117224,0.027500000000000004,0.002536743744628324,0.48780769230769233,0.0010676413783370646,0.0,0.0,78.95,0.09799999999999999,0.08459610120751702,0.004537207573260024,0.8738684897787641,0.023146277879675294,0.011358303311663705,0.0020925609716971735,18.5,12.023958714079766,0.0,0.0,0.00019689070769191648,1.2675766297919204e-05
simulator,quiet_to_active,nominal,rafts_glr_klucb,RAFTS-GLR-KL-UCB*,20,0.08007128816939715,0.0024604887323873862,0.9199287118306028,0.0024604887323873953,1.088607371056234,0.009201777351062052,2.0,0.0,0.05650550957684798,0.01960613909787861,0.25749999999999956,0.19304743213166967,0.05073076923076923,0.0020300875742233103,0.12065384615384618,0.0008421155753027897,0.0,0.0,78.35,0.21447168872174688,0.07866129023499122,0.0027311690577225484,0.889720214012373,0.014723761336899389,0.009555110119171734,0.0012664251218555737,252.65,82.44691838867885,0.1,0.19599999999999995,0.003208579053845964,5.708624515374657e-05
simulator,quiet_to_active,nominal,rafts_klucb,RAFTS-KL-UCB,20,0.08001368448276122,0.0024712459334381084,0.9199863155172388,0.0024712459334381163,1.088780182116142,0.009282414560530184,2.0,0.0,0.05653843319405606,0.01960203885360758,0.25749999999999956,0.19304743213166967,0.05069230769230769,0.0020165616367051505,0.1205769230769231,0.0008248911104682571,0.0,0.0,78.35,0.21447168872174688,0.07849950314358413,0.0026551622512829124,0.8901364952334646,0.014707821991018643,0.009552929088143841,0.0012657684063183399,255.9,81.32525827098308,0.0,0.0,0.003193004984615562,7.299549270186972e-05
simulator,quiet_to_active,nominal,rafts_linucb,RAFTS-LinUCB,20,0.0768875752406915,0.002731385086540514,0.9231124247593085,0.0027313850865405154,1.0927831622241313,0.007204617429237525,2.0,0.0,0.04017970651033276,0.01277384890162835,0.20999999999999944,0.17131200222186152,0.04861538461538461,0.002380355186275967,0.14761538461538462,0.0013346987921527091,0.0,0.0,78.6,0.2202849828840144,0.07323434481299734,0.0023077726872410133,0.9131309680834668,0.012012561228149136,0.01012044656216003,0.0010483971890656648,153.1,43.58473058549893,0.0,0.0,0.0013247286384617976,2.2602088766115987e-05
simulator,quiet_to_active,nominal,rafts_swts,RAFTS-SWTS,20,0.06193365278306704,0.002814564656637741,0.9380663472169329,0.0028145646566377423,1.1099964738576942,0.009706199649121266,2.0,0.0,0.1050691498509189,0.023297252871143505,0.7474999999999998,0.18230093541348488,0.037884615384615385,0.0019926140480073934,0.39261538461538464,0.003053627930485097,0.0,0.0,70.4,1.5406831020857699,0.13061233556193458,0.002345644913095181,0.9048564281143937,0.015620413846614315,0.010297336861701086,0.0014382803542740271,121.65,53.863558877476414,0.0,0.0,0.00027370819230782223,1.1371985438533383e-05
simulator,quiet_to_active,nominal,rafts_swucb,RAFTS-SWUCB,20,0.08429929526743467,0.002997294665678047,0.9157007047325653,0.0029972946656780463,1.0828037803947659,0.009162328487659367,2.0,0.0,0.05788247855020521,0.012128797236865241,0.3324999999999996,0.1950013373773302,0.05426923076923076,0.0026193477712605955,0.11084615384615384,0.00010376650116606982,0.0,0.0,78.05,0.09799999999999999,0.10132975960419652,0.0019067242542823682,0.8933382965316824,0.011208499843004191,0.008765407104054301,0.0012525238386388734,607.45,118.90683930486796,0.0,0.0,0.0004647348384614116,1.4238250475184166e-05
simulator,quiet_to_active,nominal,rafts_temporal,RAFTS-Temporal,20,0.0844023601622571,0.0026999817292627133,0.9155976398377431,0.002699981729262711,1.083209981451464,0.00937700322768669,2.0,0.0,0.034704278843065914,0.01116100425029888,0.08999999999999986,0.1190948847723838,0.053730769230769235,0.0027263264538076207,0.11076923076923077,0.0,0.0,0.0,78.0,0.0,0.0789292054097401,0.0021969500861519025,0.9186174145028396,0.010561109947574414,0.009587161376424774,0.0015099466041048248,598.25,184.41324986933128,0.0,0.0,0.000411954415384361,1.2121678433170871e-05
simulator,quiet_to_active,nominal,rafts_ts,RAFTS-TS,20,0.06874919282756554,0.00456865003110117,0.9312508071724345,0.004568650031101173,1.1015291668095233,0.009651761343954726,2.0,0.0,0.09505666481704281,0.021173038018828225,0.7099999999999994,0.21769982230488621,0.044307692307692305,0.004633354706157711,0.34803846153846146,0.005129740945461969,0.0,0.0,78.55,0.22370045761428853,0.08782299429077198,0.0046869496424091555,0.8966884452779886,0.01211606585343709,0.008952614297030145,0.001030967225184719,50.55,25.645497148622404,0.0,0.0,0.00025237839230794637,1.5001878153504001e-05
simulator,quiet_to_active,nominal,rafts_ucb,RAFTS-UCB,20,0.0826608140287063,0.0028841826696052275,0.9173391859712936,0.0028841826696052223,1.083999566350323,0.009956579821224096,2.0,0.0,0.04368416287537868,0.013185761027534614,0.24999999999999928,0.1671905940441685,0.052846153846153855,0.0026928245657695253,0.11092307692307693,0.0001383553348880931,0.0,0.0,78.15,0.16055889229418857,0.07850337294450702,0.002382800672545935,0.8944748963774012,0.012730226739639156,0.009177404261940407,0.001588995875485321,596.65,191.68740272751634,0.0,0.0,0.0004219738153846825,1.4744209699202728e-05
simulator,quiet_to_active,nominal,random,Random,20,0.06582141609150274,0.0032387251824906177,0.9341785839084971,0.0032387251824906142,1.103898907280365,0.007818331441092832,2.0,0.0,0.10769033429615485,0.023871509969604507,0.7449999999999996,0.18026897447396434,0.0405,0.0021580632804419284,0.3198461538461539,0.002921886482502418,601.1,73.90537921594498,184.55,25.815621786246528,,,0.8934805458924794,0.015555645573184163,0.00943612528765336,0.001250365635151735,0.0,0.0,0.0,0.0,8.595487692330678e-05,3.791278585785838e-06
simulator,quiet_to_active,nominal,sequential,Sequential,20,0.052770208272484374,0.0030917003786457556,0.9472297917275154,0.003091700378645756,1.1189207238452898,0.00899999034555605,2.0,0.0,0.1678393667016903,0.03129518868151329,0.9724999999999998,0.1762387420816612,0.02938461538461538,0.0024423733677292944,0.5,0.0,0.0,0.0,19.0,0.0,,,0.883288217967347,0.0194782413650619,0.009654849333339061,0.00215200348611409,0.0,0.0,0.0,0.0,1.7642207691936235e-05,1.611995418869621e-06
simulator,random,nominal,coverage_sweep,Coverage Sweep,20,0.04726310488179512,0.0044624645944755705,0.9527368951182049,0.004462464594475568,0.9858411377402737,0.0049196912734908015,1.0,0.0,0.04552879636703166,0.022389085972165452,0.23999999999999969,0.17336512124172457,0.011038461538461539,0.0017713907251689488,0.4981538461538461,0.00038516495149866975,0.0,0.0,37.5,0.26601938987501206,,,0.8947058638242849,0.01794660222242193,0.009523214555353028,0.001453659273317707,0.0,0.0,0.0,0.0,2.020913846102373e-05,2.147936081181568e-06
simulator,random,nominal,rafts_cpts,RAFTS-CP-TS,20,0.05574684657297844,0.004635639053899454,0.9442531534270214,0.004635639053899455,0.9761846951335871,0.005595630304579063,1.0,0.0,0.016410522273425498,0.013050735686801802,0.08249999999999993,0.1140375999858218,0.013423076923076923,0.0020241857154547076,0.3821923076923078,0.005175944779459345,0.0,0.0,78.65,0.21447168872174688,0.053878168986846484,0.002049138169579679,0.9018374939824098,0.026959753762732356,0.009399366621984932,0.0012518605202750637,43.8,29.74411525698911,0.0,0.0,0.0003054181230767986,0.00010367910705317925
simulator,random,nominal,rafts_cusum_ucb,RAFTS-CUSUM-UCB,20,0.07732199594074937,0.003329260243161573,0.9226780040592507,0.0033292602431615748,0.9540051705337348,0.005107003743434845,1.0,0.0,0.006322780907286567,0.005699645793414437,0.0,0.0,0.01834615384615385,0.001286197769623655,0.11107692307692307,0.00025417498025078573,0.0,0.0,78.35,0.21447168872174688,0.04832384621966163,0.0019032102596689313,0.9106042212320302,0.01531352658045195,0.009530570909714051,0.0012444997890461648,432.5,205.8919619095106,0.15,0.16055889229418857,0.00046882893076900263,0.0001289215513708082
simulator,random,nominal,rafts_dts,RAFTS-DTS,20,0.05458592241452089,0.005995693564907273,0.9454140775854789,0.005995693564907276,0.9779581546727087,0.005772658595736368,1.0,0.0,0.023738306982872198,0.012794741117524452,0.10749999999999975,0.11043466989939993,0.01284615384615385,0.0018240486315207166,0.4156923076923077,0.002439432519741903,0.0,0.0,78.15,0.47746060735829016,0.08394547476614551,0.0032217504799276772,0.9077870394628758,0.02218882190308106,0.010084196983140687,0.0018866473885462954,23.3,26.280046158735395,0.0,0.0,0.00023618579230801868,2.6975354942714873e-05
simulator,random,nominal,rafts_ducb,RAFTS-DUCB,20,0.0806078130694609,0.004943299951764087,0.9193921869305391,0.004943299951764087,0.9517831471875533,0.006004812394225043,1.0,0.0,0.006495840760546642,0.006205617028633462,0.002499999999999858,0.004899999999999722,0.01957692307692308,0.0017276248179736839,0.11076923076923077,0.0,0.0,0.0,78.05,0.09799999999999999,0.0609004419440773,0.0018888546041601138,0.9048693363736688,0.020719307934820182,0.008909265889161385,0.0010158793718262741,563.45,178.0389850028417,0.0,0.0,0.00048754043846145997,0.00010274959866900532
simulator,random,nominal,rafts_exp3s,RAFTS-EXP3.S,20,0.04883096157558874,0.004070603532597573,0.9511690384244114,0.0040706035325975744,0.9839287132614327,0.005880365237336889,1.0,0.0,0.03460774891266882,0.01712814878783135,0.13999999999999985,0.1336919948003029,0.0115,0.0016241105751721992,0.48803846153846153,0.0010518361398176405,0.0,0.0,78.9,0.1348964515158903,0.057095423432811335,0.003062198796000483,0.9220614545821787,0.029105256204741248,0.009655429963166992,0.0017935035757169126,5.45,8.073120299389887,0.0,0.0,0.00021820478461547911,6.536282908410239e-05
simulator,random,nominal,rafts_glr_klucb,RAFTS-GLR-KL-UCB*,20,0.07621474856892123,0.00585423549817445,0.9237852514310788,0.005854235498174444,0.9558453674149471,0.005671681675739765,1.0,0.0,0.0042569659442724455,0.004563707980607274,0.0,0.0,0.017423076923076923,0.0023770230708891073,0.11765384615384615,0.000494934666280956,0.0,0.0,78.1,0.1348964515158903,0.048486062448714305,0.0020585433993926478,0.8710179603593258,0.01990618558187523,0.00992156532692989,0.001156666557255155,111.95,100.09567938411936,0.0,0.0,0.0042262706000005534,0.0012273699942321268
simulator,random,nominal,rafts_klucb,RAFTS-KL-UCB,20,0.07621474856892123,0.00585423549817445,0.9237852514310788,0.005854235498174444,0.9558453674149471,0.005671681675739765,1.0,0.0,0.0042569659442724455,0.004563707980607274,0.0,0.0,0.017423076923076923,0.0023770230708891073,0.11765384615384615,0.000494934666280956,0.0,0.0,78.1,0.1348964515158903,0.048486062448714305,0.0020585433993926478,0.8710179603593258,0.01990618558187523,0.00992156532692989,0.001156666557255155,111.95,100.09567938411936,0.0,0.0,0.004363891900000174,0.0014120990523317925
simulator,random,nominal,rafts_linucb,RAFTS-LinUCB,20,0.07338875066207644,0.00615713851782602,0.9266112493379236,0.006157138517826019,0.9585562367006775,0.0069905794772,1.0099999999999993,0.019599999999998882,0.011685651827966818,0.007825272915910186,0.017499999999999894,0.03429999999999978,0.017269230769230773,0.002637554499961627,0.14407692307692305,0.0017469929318560948,0.0,0.0,78.3,0.2060577333508359,0.04554124706087344,0.0033840508067351466,0.8760866012695239,0.022075693619397346,0.009491573201379035,0.0014522190697376287,70.6,48.65223793413823,0.0,0.0,0.0016352555538465259,0.0005669632904837685
simulator,random,nominal,rafts_swts,RAFTS-SWTS,20,0.054085008773340784,0.004065889019530403,0.9459149912266591,0.0040658890195303995,0.9793559533107198,0.005117649913445945,1.0,0.0,0.02059855026348753,0.011845883548801547,0.0724999999999996,0.08396483913237894,0.013307692307692307,0.0017158990169333027,0.40796153846153854,0.0035040298195995424,0.0,0.0,68.3,1.1734182186200595,0.10083498916323015,0.0026486065198835073,0.912025509362203,0.030343278656964442,0.008538585382465278,0.0014829503406507117,1.5,1.8237370539925055,0.0,0.0,0.00028284519230734214,7.563129829324256e-05
simulator,random,nominal,rafts_swucb,RAFTS-SWUCB,20,0.07967025185257916,0.00410356932424242,0.9203297481474209,0.004103569324242419,0.9518958759496288,0.00624637865557053,1.0,0.0,0.005991316293607582,0.005425595201368917,0.0,0.0,0.01911538461538461,0.0016525899004319411,0.11103846153846156,0.00016497822209365204,0.0,0.0,78.0,0.0,0.0773000479687287,0.0020408281489806696,0.901895809398353,0.016452209178518144,0.009268884737359321,0.001075232854740705,219.75,136.18076280792147,0.0,0.0,0.0005064317615385964,0.00013333688505399002
simulator,random,nominal,rafts_temporal,RAFTS-Temporal,20,0.0805319143066797,0.0061012219431150014,0.9194680856933202,0.006101221943114998,0.9501417470137896,0.006304038160687651,1.0,0.0,0.002173913043478261,0.004260869565217391,0.0,0.0,0.019000000000000003,0.002101396193191538,0.11076923076923077,0.0,0.0,0.0,78.0,0.0,0.04929386069022589,0.0028064814798169557,0.8917928805597282,0.021398949745254157,0.009862162418040088,0.0015251884476867022,544.6,186.01723395880342,0.0,0.0,0.0004619229692310071,4.212734538497234e-05
simulator,random,nominal,rafts_ts,RAFTS-TS,20,0.05574684657297844,0.004635639053899454,0.9442531534270214,0.004635639053899455,0.9761846951335871,0.005595630304579063,1.0,0.0,0.016410522273425498,0.013050735686801802,0.08249999999999993,0.1140375999858218,0.013423076923076923,0.0020241857154547076,0.3821923076923078,0.005175944779459345,0.0,0.0,78.65,0.21447168872174688,0.053878168986846484,0.002049138169579679,0.9018374939824098,0.026959753762732356,0.009399366621984932,0.0012518605202750637,43.8,29.74411525698911,0.0,0.0,0.00023305446923068996,1.5175428429445608e-05
simulator,random,nominal,rafts_ucb,RAFTS-UCB,20,0.07624305683214924,0.0035748704394161727,0.9237569431678508,0.0035748704394161753,0.9553262403929402,0.005230434219909033,1.0,0.0,0.006322780907286567,0.005699645793414437,0.0,0.0,0.017961538461538466,0.0013585752424892874,0.11111538461538462,0.00025593399764231144,0.0,0.0,78.3,0.2060577333508359,0.04782055929936262,0.001896849493712662,0.90765312109343,0.01657504469299077,0.009482013492902808,0.0011713217454314131,431.65,206.21546782099438,0.0,0.0,0.0004278675307695477,8.417341763915448e-05
simulator,random,nominal,random,Random,20,0.06595470924845688,0.005759484473024817,0.9340452907515431,0.005759484473024817,0.9669215955745688,0.007426413218299447,1.0,0.0,0.026219326421425975,0.013304665510854586,0.15499999999999972,0.1249563207895587,0.01561538461538462,0.0023128009311211167,0.3198461538461539,0.002921886482502418,601.1,73.90537921594498,184.55,25.815621786246528,,,0.9118929372008997,0.021433733824998132,0.009781860481641286,0.0014450052230990257,0.0,0.0,0.0,0.0,9.272792307666141e-05,7.831997423798635e-06
simulator,random,nominal,sequential,Sequential,20,0.04472038427185361,0.0038124947035875845,0.9552796157281463,0.0038124947035875906,0.9880425845619822,0.005075639348136526,1.0,0.0,0.0371081471966227,0.017524092614493347,0.21249999999999963,0.16732281280270928,0.009999999999999998,0.0017534867164885793,0.5,0.0,0.0,0.0,19.0,0.0,,,0.8867424086165483,0.02288821134644014,0.0099422494263974,0.0021259371086230026,0.0,0.0,0.0,0.0,1.8657023077069492e-05,1.6437493547753838e-06
simulator,random_high_pfa,high_pfa,coverage_sweep,Coverage Sweep,20,0.04726310488179512,0.0044624645944755705,0.9527368951182049,0.004462464594475568,0.9858411377402737,0.0049196912734908015,1.0,0.0,0.04552879636703166,0.022389085972165452,0.23999999999999969,0.17336512124172457,-0.033346153846153845,0.002772020434730539,0.4981538461538461,0.00038516495149866975,0.0,0.0,37.5,0.26601938987501206,,,0.8947058638242849,0.01794660222242193,0.10117707680418826,0.004798792227812469,0.0,0.0,0.0,0.0,8.43448692306153e-05,1.2995923199462854e-05
simulator,random_high_pfa,high_pfa,rafts_cpts,RAFTS-CP-TS,20,0.0669683130724398,0.003968588645235639,0.9330316869275602,0.0039685886452356395,0.9657938018981571,0.006689201854681105,1.0,0.0,0.01342860842860843,0.010227487246989358,0.04249999999999989,0.08329999999999979,-0.04584615384615384,0.003260169600455001,0.2961153846153846,0.005014158204291552,0.0,0.0,78.9,0.1348964515158903,0.12616722847578202,0.00363385512137811,0.9149997667543358,0.02898723176639726,0.1008691319684342,0.004461226829751969,98.45,38.29820756833625,0.0,0.0,0.002406933423076855,0.00031244368410415476
simulator,random_high_pfa,high_pfa,rafts_cusum_ucb,RAFTS-CUSUM-UCB,20,0.0799275137441137,0.0059558033247958985,0.9200724862558862,0.005955803324795897,0.9520040321544775,0.006538128531261182,1.0,0.0,0.006769220846233229,0.006771271165760191,0.017499999999999894,0.03429999999999978,-0.059307692307692304,0.00391312695502954,0.11088461538461539,0.00016497822209365088,0.0,0.0,78.15,0.16055889229418857,0.12244602268793774,0.003449121660268046,0.9091375029931431,0.023620659104158673,0.10057107009939677,0.004067406916684161,1265.25,352.69539026578843,1.7,0.451897519821754,0.0038731810538467047,0.00048168571628531224
simulator,random_high_pfa,high_pfa,rafts_dts,RAFTS-DTS,20,0.05411016013228126,0.0040586334146360216,0.9458898398677187,0.004058633414636023,0.9780553602158054,0.006616914342423168,1.0099999999999993,0.019599999999998882,0.013047008547008548,0.010630500773653866,0.047499999999999966,0.07404813157314423,-0.041499999999999995,0.0034179561206010823,0.37903846153846155,0.003952635095486191,0.0,0.0,78.1,0.19599999999999998,0.14738512987186256,0.003862826878091846,0.913906598526293,0.028139581575847016,0.10019122307079757,0.005315095031167804,129.05,58.08950135963061,0.0,0.0,0.002020469707692777,0.0003533786141445746
simulator,random_high_pfa,high_pfa,rafts_ducb,RAFTS-DUCB,20,0.08143139123933678,0.005522246441580148,0.9185686087606634,0.005522246441580151,0.9510934303316512,0.006776191899207495,1.0,0.0,0.0025657894736842105,0.003462422934330421,0.0,0.0,-0.05465384615384615,0.0033756911976622595,0.11076923076923077,0.0,0.0,0.0,78.05,0.09799999999999999,0.12666951343659255,0.0030683012076801333,0.9091194679151217,0.023552924866934343,0.0955941779456709,0.003983124362501347,1341.25,366.75839580243957,0.0,0.0,0.003761988592307787,0.0005129215306270149
simulator,random_high_pfa,high_pfa,rafts_exp3s,RAFTS-EXP3.S,20,0.04946925052664815,0.004432315788634794,0.950530749473352,0.004432315788634792,0.9835326613699215,0.006029760731003425,1.0099999999999993,0.019599999999998882,0.03117324217438634,0.018063812701951308,0.15499999999999972,0.14411770773992527,-0.03296153846153847,0.0029477216153995086,0.48803846153846153,0.0011018321708268265,0.0,0.0,78.95,0.09799999999999999,0.1284906420427015,0.0039055037678877645,0.8954273964763095,0.024548684560393174,0.10012062129167898,0.0047240443815122594,55.85,15.761845276690028,0.0,0.0,0.0015785797769230368,0.0002090933858682534
simulator,random_high_pfa,high_pfa,rafts_glr_klucb,RAFTS-GLR-KL-UCB*,20,0.07681693960626551,0.004862449766126643,0.9231830603937347,0.004862449766126639,0.9543031758575976,0.0067441065683794856,1.0,0.0,0.01026708065247619,0.011130621607861923,0.05,0.09799999999999998,-0.057769230769230774,0.0039375099432380775,0.1148076923076923,0.0004997458089465469,0.0,0.0,78.2,0.17986193535452039,0.12020740145198676,0.0036792558744232207,0.8962169572647378,0.022834990772786827,0.09829842864813548,0.004494258850550741,1264.1,295.59284099158026,0.0,0.0,0.017203492153846197,0.002064452361716876
simulator,random_high_pfa,high_pfa,rafts_klucb,RAFTS-KL-UCB,20,0.07681693960626551,0.004862449766126643,0.9231830603937347,0.004862449766126639,0.9543031758575976,0.0067441065683794856,1.0,0.0,0.01026708065247619,0.011130621607861923,0.05,0.09799999999999998,-0.057769230769230774,0.0039375099432380775,0.1148076923076923,0.0004997458089465469,0.0,0.0,78.2,0.17986193535452039,0.12020740145198676,0.0036792558744232207,0.8962169572647378,0.022834990772786827,0.09829842864813548,0.004494258850550741,1264.1,295.59284099158026,0.0,0.0,0.01714633429999986,0.00208311683732966
simulator,random_high_pfa,high_pfa,rafts_linucb,RAFTS-LinUCB,20,0.07681564430335487,0.004267264229079502,0.9231843556966451,0.004267264229079506,0.9552669292988364,0.0058020885035480856,1.0099999999999993,0.019599999999998882,0.00505113166403489,0.005440514807675981,0.0,0.0,-0.053730769230769235,0.0035176605819923525,0.15426923076923077,0.002210643233698222,0.0,0.0,78.3,0.2060577333508359,0.13389276516343102,0.004184858683928698,0.9076090342936384,0.025095204814869654,0.09795006916616253,0.003769641928776651,539.6,204.8304093048686,0.0,0.0,0.008411617646153622,0.001036428630435274
simulator,random_high_pfa,high_pfa,rafts_swts,RAFTS-SWTS,20,0.0569084691667056,0.0028131718902670707,0.9430915308332946,0.0028131718902670707,0.9756179509015561,0.005381390810164514,1.0,0.0,0.016967409152566573,0.013155444096501271,0.09499999999999993,0.12834869445545996,-0.040692307692307694,0.003958721863386425,0.3703461538461539,0.004847961606145629,0.0,0.0,73.8,1.599912102848811,0.16710605056140287,0.00361113476026074,0.8924434572265042,0.02609228259990379,0.0986511572588316,0.0054009060064721314,181.0,85.33366086011705,0.0,0.0,0.00219608933076933,0.0003035688458943885
simulator,random_high_pfa,high_pfa,rafts_swucb,RAFTS-SWUCB,20,0.0798823259433051,0.005490301087108009,0.920117674056695,0.005490301087108013,0.9512399643688406,0.006190626109123417,1.0,0.0,0.0027526395173453995,0.00372287814200738,0.0,0.0,-0.05873076923076923,0.0040192686165236614,0.11076923076923077,0.0,0.0,0.0,78.2,0.17986193535452039,0.14096736710733873,0.003013843060799289,0.8960801633433698,0.021066362888477908,0.1001952816189021,0.004514332965172906,1146.1,272.50448089642776,0.0,0.0,0.00394488816923051,0.0004882926747605472
simulator,random_high_pfa,high_pfa,rafts_temporal,RAFTS-Temporal,20,0.0805319143066797,0.0061012219431150014,0.9194680856933202,0.006101221943114998,0.9501417470137896,0.006304038160687651,1.0,0.0,0.002173913043478261,0.004260869565217391,0.0,0.0,-0.05969230769230769,0.004060911741611085,0.11076923076923077,0.0,0.0,0.0,78.0,0.0,0.12279116674294792,0.0032532842375624527,0.8917928805597282,0.021398949745254157,0.10151549255786421,0.0038164996254494597,1338.9,336.452107734753,0.0,0.0,0.0038264379769225344,0.0004657282814983076
simulator,random_high_pfa,high_pfa,rafts_ts,RAFTS-TS,20,0.0669683130724398,0.003968588645235639,0.9330316869275602,0.0039685886452356395,0.9657938018981571,0.006689201854681105,1.0,0.0,0.01342860842860843,0.010227487246989358,0.04249999999999989,0.08329999999999979,-0.04584615384615384,0.003260169600455001,0.2961153846153846,0.005014158204291552,0.0,0.0,78.9,0.1348964515158903,0.12616722847578202,0.00363385512137811,0.9149997667543358,0.02898723176639726,0.1008691319684342,0.004461226829751969,98.45,38.29820756833625,0.0,0.0,0.0021956841846153675,0.0003528873299410357
simulator,random_high_pfa,high_pfa,rafts_ucb,RAFTS-UCB,20,0.08200510042115582,0.005830034246574152,0.9179948995788442,0.005830034246574146,0.949926178177803,0.006519081232345939,1.0,0.0,0.004411764705882353,0.006307990844757261,0.017499999999999894,0.03429999999999978,-0.05830769230769232,0.004248376230010235,0.1108076923076923,7.538461538461568e-05,0.0,0.0,78.15,0.16055889229418857,0.1222355029847565,0.0036708925152601777,0.9103291160751784,0.02227043708863855,0.10023654869057078,0.0044754690897319165,1397.8,375.7907717261379,0.0,0.0,0.0037654763769230785,0.0005130892545658042
simulator,random_high_pfa,high_pfa,random,Random,20,0.06595470924845688,0.005759484473024817,0.9340452907515431,0.005759484473024817,0.9669215955745688,0.007426413218299447,1.0,0.0,0.026219326421425975,0.013304665510854586,0.15499999999999972,0.1249563207895587,-0.04015384615384616,0.003676192633221137,0.3198461538461539,0.002921886482502418,601.1,73.90537921594498,184.55,25.815621786246528,,,0.9118929372008997,0.021433733824998132,0.09477458136831281,0.004114464347412421,0.0,0.0,0.0,0.0,0.000301795923077057,4.2008359253558395e-05
simulator,random_high_pfa,high_pfa,sequential,Sequential,20,0.04472038427185361,0.0038124947035875845,0.9552796157281463,0.0038124947035875906,0.9880425845619822,0.005075639348136526,1.0,0.0,0.0371081471966227,0.017524092614493347,0.21249999999999963,0.16732281280270928,-0.031230769230769236,0.0028193612763978025,0.5,0.0,0.0,0.0,19.0,0.0,,,0.8867424086165483,0.02288821134644014,0.09523250949395079,0.004583953144111792,0.0,0.0,0.0,0.0,7.785956153887897e-05,1.1337134640019127e-05
simulator,spatial_agile,nominal,coverage_sweep,Coverage Sweep,20,0.09351851851851851,0.013548883092408955,0.9064814814814814,0.013548883092408955,1.849537037037037,0.022182939206881122,2.0,0.0,0.3839010866584396,0.10429033235208039,0.845,0.14110495533840273,0.003076923076923077,0.0013171035481169128,0.4981538461538461,0.00038516495149866975,0.0,0.0,37.5,0.26601938987501206,,,0.8887562927268811,0.04533793661788265,0.00959768279924635,0.0016219577488430646,0.0,0.0,0.0,0.0,1.932806153812495e-05,1.9604948151082187e-06
simulator,spatial_agile,nominal,rafts_cpts,RAFTS-CP-TS,20,0.09675925925925925,0.012998766345446075,0.9032407407407407,0.012998766345446075,1.8458333333333337,0.021685048682574024,2.0,0.0,0.4084106865356866,0.08286024394413986,0.9124999999999999,0.08071116468781235,0.005269230769230767,0.001978756408221316,0.3911538461538461,0.00477463739510649,0.0,0.0,78.7,0.2060577333508359,0.04209955413209154,0.0021830894937519356,0.8689886287789774,0.03927728905867202,0.009403820919476023,0.001304134315343309,11.25,13.53668322121704,0.0,0.0,0.00020404691538435424,1.096161952296413e-05
simulator,spatial_agile,nominal,rafts_cusum_ucb,RAFTS-CUSUM-UCB,20,0.09074074074074075,0.010663688126482499,0.9092592592592595,0.0106636881264825,1.8328703703703706,0.019326533331707883,2.0,0.0,0.14986291486291486,0.05980306890100864,0.5899999999999997,0.1762566669138474,0.004115384615384615,0.0016416947817612631,0.11146153846153846,0.0003928536329909896,0.0,0.0,78.3,0.2060577333508359,0.03382656684893888,0.002302873165752704,0.8942173281062843,0.03289926816831281,0.009678365595239588,0.0013660442784068042,161.05,147.58323075400358,0.05,0.09799999999999998,0.0003287618846153726,2.1571240086578287e-05
simulator,spatial_agile,nominal,rafts_dts,RAFTS-DTS,20,0.08194444444444443,0.012985424010551591,0.9180555555555555,0.0129854240105516,1.8740740740740738,0.019501760878233933,2.0,0.0,0.4449639249639249,0.08420903534141026,0.9375,0.09975727120312954,0.0035769230769230774,0.0012532188888248457,0.4190384615384615,0.0034673041500764452,0.0,0.0,76.3,1.1114754537148028,0.06991608498463756,0.0030053157078745326,0.8826644833494679,0.04782125625799646,0.009688931127414984,0.0019101090777767493,31.85,39.78270835955053,0.0,0.0,0.00020010206923101438,1.0837861040894237e-05
simulator,spatial_agile,nominal,rafts_ducb,RAFTS-DUCB,20,0.09305555555555554,0.015549044283773919,0.9069444444444447,0.015549044283773926,1.8296296296296302,0.02705935685837546,2.0,0.0,0.16391042780748663,0.06285383931059034,0.6224999999999999,0.19721799186633424,0.004730769230769231,0.0022898617769057943,0.11076923076923077,0.0,0.0,0.0,78.15,0.16055889229418857,0.046287219961849375,0.002482482671041072,0.885823216030793,0.04413942033112654,0.009366013712055565,0.0010655988617855833,89.95,93.6284035839777,0.0,0.0,0.00032817629230773423,2.2550499187047837e-05
simulator,spatial_agile,nominal,rafts_exp3s,RAFTS-EXP3.S,20,0.07870370370370369,0.010155796693676293,0.9212962962962964,0.010155796693676299,1.8837962962962962,0.01788233699266958,2.0,0.0,0.5230952380952381,0.10576382066726361,0.95,0.098,0.001538461538461539,0.0014344986439134748,0.4877692307692308,0.0011309014767472013,0.0,0.0,78.8,0.17986193535452039,0.04090004875928864,0.0015082951717564498,0.8948199023199022,0.047178114805204376,0.010282377436356944,0.0015683522666965453,0.0,0.0,0.0,0.0,0.0001692477692309834,8.95509287580915e-06
simulator,spatial_agile,nominal,rafts_glr_klucb,RAFTS-GLR-KL-UCB*,20,0.08148148148148147,0.010663688126482497,0.9185185185185187,0.010663688126482499,1.851388888888889,0.018641704801190703,2.0,0.0,0.15907856032856033,0.06479451962292622,0.5724999999999999,0.18776454880907012,0.0026153846153846158,0.001785266389706975,0.11996153846153848,0.0011072479428075026,0.0,0.0,78.3,0.2060577333508359,0.033495429906664764,0.0021015146631486155,0.9004964209766841,0.035925326002401475,0.01024727414287242,0.0014004139623394912,199.6,120.631121912609,0.0,0.0,0.0031581147615385046,4.263574141832107e-05
simulator,spatial_agile,nominal,rafts_klucb,RAFTS-KL-UCB,20,0.08148148148148147,0.010663688126482497,0.9185185185185187,0.010663688126482499,1.851388888888889,0.018641704801190703,2.0,0.0,0.15907856032856033,0.06479451962292622,0.5724999999999999,0.18776454880907012,0.0026153846153846158,0.001785266389706975,0.11996153846153848,0.0011072479428075026,0.0,0.0,78.3,0.2060577333508359,0.033495429906664764,0.0021015146631486155,0.9004964209766841,0.035925326002401475,0.01024727414287242,0.0014004139623394912,199.6,120.631121912609,0.0,0.0,0.0031732065846152603,5.329475074233837e-05
simulator,spatial_agile,nominal,rafts_linucb,RAFTS-LinUCB,20,0.09490740740740741,0.012958698128840967,0.9050925925925928,0.012958698128840965,1.8324074074074077,0.022762422120773392,2.0,0.0,0.22961240148740153,0.054188924506648486,0.8299999999999998,0.12281422856022062,0.003807692307692308,0.002033032078743073,0.14192307692307693,0.0019703495050930665,0.0,0.0,78.4,0.2202849828840144,0.030435421533138808,0.0030354847423549104,0.8948809414062087,0.039502419308943375,0.01112772255324826,0.0012996875187904907,164.1,103.61309126390911,0.0,0.0,0.0012652608615377316,3.0448920762455905e-05
simulator,spatial_agile,nominal,rafts_swts,RAFTS-SWTS,20,0.09259259259259259,0.015354121381256856,0.9074074074074074,0.015354121381256856,1.8532407407407405,0.025809321111595063,2.0,0.0,0.42015331890331886,0.06820831220722497,0.9875,0.024499999999999994,0.004961538461538461,0.0017585114100628074,0.4107692307692307,0.0034276120619481892,0.0,0.0,67.15,0.9567720951748453,0.08993564375460447,0.003040925845163074,0.8967144116060524,0.03806573228378072,0.009784825800181992,0.0012402538198190403,49.0,54.495680640038366,0.0,0.0,0.00021630518461545131,1.2449188530311453e-05
simulator,spatial_agile,nominal,rafts_swucb,RAFTS-SWUCB,20,0.0837962962962963,0.010894857038906122,0.916203703703704,0.010894857038906127,1.8416666666666668,0.021347686110203243,2.0,0.0,0.11387973137973137,0.04268681446365881,0.5374999999999996,0.16319358056260086,0.0035000000000000005,0.0022268198741233467,0.1111923076923077,0.00035400788418008753,0.0,0.0,78.0,0.0,0.06316872454624937,0.0025755434059062136,0.9177726113755525,0.03260229383042724,0.009569759448374108,0.0016292446086277183,100.85,99.31156965620343,0.0,0.0,0.00035932816153833226,2.051308446622673e-05
simulator,spatial_agile,nominal,rafts_temporal,RAFTS-Temporal,20,0.10324074074074074,0.011037124527041801,0.8967592592592594,0.011037124527041803,1.810648148148148,0.018407767753110198,2.0,0.0,0.15323676323676322,0.04845349875633934,0.6699999999999998,0.17478795574548098,0.005730769230769231,0.002091051629407637,0.11076923076923077,0.0,0.0,0.0,78.0,0.0,0.03562648411010008,0.0019204305781072935,0.8885586360850528,0.03179002046096545,0.009821328954562527,0.001457584820122685,312.4,194.58635320570332,0.0,0.0,0.00031940489230734007,2.643148891953938e-05
simulator,spatial_agile,nominal,rafts_ts,RAFTS-TS,20,0.09675925925925925,0.012998766345446075,0.9032407407407407,0.012998766345446075,1.8458333333333337,0.021685048682574024,2.0,0.0,0.4084106865356866,0.08286024394413986,0.9124999999999999,0.08071116468781235,0.005269230769230767,0.001978756408221316,0.3911538461538461,0.00477463739510649,0.0,0.0,78.7,0.2060577333508359,0.04209955413209154,0.0021830894937519356,0.8689886287789774,0.03927728905867202,0.009403820919476023,0.001304134315343309,11.25,13.53668322121704,0.0,0.0,0.00018494095384574807,1.0700187691783037e-05
simulator,spatial_agile,nominal,rafts_ucb,RAFTS-UCB,20,0.09212962962962964,0.010815010913066324,0.9078703703703705,0.010815010913066327,1.8300925925925928,0.02006581249976487,2.0,0.0,0.14986291486291486,0.05980306890100864,0.5899999999999997,0.1762566669138474,0.004269230769230769,0.0016496915710712884,0.11142307692307693,0.0003506120466058785,0.0,0.0,78.3,0.2060577333508359,0.03404786718936688,0.0022991865267244114,0.8943452053441361,0.03284462411059761,0.009724562624595168,0.001363108304370939,161.9,148.9187243368182,0.0,0.0,0.00030667726923079146,1.716076922941569e-05
simulator,spatial_agile,nominal,random,Random,20,0.09953703703703703,0.0131578191103162,0.900462962962963,0.013157819110316204,1.841203703703704,0.022354193494496764,2.0,0.0,0.40558246083981386,0.07871624701972524,1.0,0.0,0.0036538461538461542,0.0016619745641507718,0.3198461538461539,0.002921886482502418,601.1,73.90537921594498,184.55,25.815621786246528,,,0.9252215431627198,0.02406753267638831,0.009769089895437944,0.0013877091974693317,0.0,0.0,0.0,0.0,8.733731538422245e-05,4.730465795150234e-06
simulator,spatial_agile,nominal,sequential,Sequential,20,0.09074074074074075,0.018176780532212194,0.9092592592592593,0.018176780532212194,1.8185185185185186,0.03635356106442438,2.0,0.0,0.0,0.0,0.0,0.0,0.002576923076923077,0.0020176737316646098,0.5,0.0,0.0,0.0,19.0,0.0,,,0.9047017443340973,0.039642969136262265,0.010084326677404932,0.0021546873762738794,0.0,0.0,0.0,0.0,1.7652023076712236e-05,1.780393057416629e-06
simulator,sync_trap,nominal,coverage_sweep,Coverage Sweep,20,0.03787878787878788,0.01716809856484186,0.9621212121212122,0.017168098564841857,0.9621212121212122,0.017168098564841857,1.0,0.0,0.0,0.0,0.0,0.0,-0.0038461538461538455,0.0009660135538566825,0.4981538461538461,0.00038516495149866975,0.0,0.0,37.5,0.26601938987501206,,,0.8777777777777778,0.14422273583199077,0.009598885941428608,0.0015856325287071254,0.0,0.0,0.0,0.0,1.9731153846106073e-05,2.824156866573595e-06
simulator,sync_trap,nominal,rafts_cpts,RAFTS-CP-TS,20,0.11212121212121211,0.04857782950387873,0.8878787878787879,0.04857782950387873,0.8878787878787879,0.04857782950387873,1.0,0.0,0.0,0.0,0.0,0.0,-0.0026153846153846153,0.0016852963332675197,0.4119230769230769,0.005449799781464493,0.0,0.0,78.5,0.2248274191931505,0.030447598799753922,0.002275430574972931,0.9296771340114994,0.06660566288050612,0.009647657361449298,0.0014110880150908017,4.35,6.091578500813967,0.0,0.0,0.00019092967692309825,1.0873198912993787e-05
simulator,sync_trap,nominal,rafts_cusum_ucb,RAFTS-CUSUM-UCB,20,0.08636363636363635,0.007797780089059707,0.9136363636363637,0.0077977800890597195,0.9136363636363637,0.0077977800890597195,1.0,0.0,0.0,0.0,0.0,0.0,-0.006038461538461539,0.0013804151768280857,0.11150000000000002,0.0004572403102736527,0.0,0.0,78.45,0.22370045761428853,0.022460080421313866,0.0014111674374646173,0.9066666666666666,0.06526452516960524,0.009287154798809103,0.0014844086920824749,92.6,63.72251618252043,0.0,0.0,0.00029107347692339453,1.6679893114414026e-05
simulator,sync_trap,nominal,rafts_dts,RAFTS-DTS,20,0.045454545454545456,0.016964113914119085,0.9545454545454547,0.01696411391411909,0.9545454545454547,0.01696411391411909,1.0,0.0,0.0,0.0,0.0,0.0,-0.0036923076923076927,0.001063852667273189,0.4278846153846154,0.001986600864781704,0.0,0.0,76.6,1.2749915169996435,0.057575277079173016,0.001589612650243664,0.9375,0.08368343125533671,0.008491723277546308,0.0016317410158146134,0.0,0.0,0.0,0.0,0.00018849914615398468,1.035171502746344e-05
simulator,sync_trap,nominal,rafts_ducb,RAFTS-DUCB,20,0.08787878787878788,0.00953813293546699,0.9121212121212121,0.009538132935467,0.9121212121212121,0.009538132935467,1.0,0.0,0.0,0.0,0.0,0.0,-0.006423076923076923,0.0008904525599070579,0.11076923076923077,0.0,0.0,0.0,78.45,0.22370045761428853,0.036634857509118164,0.00089534035528121,0.9083333333333332,0.06479382506135807,0.009758927037637585,0.0009781779495464992,74.75,63.981613534876686,0.0,0.0,0.0003094318769229946,2.2997870970304214e-05
simulator,sync_trap,nominal,rafts_exp3s,RAFTS-EXP3.S,20,0.030303030303030297,0.011400249364104791,0.9696969696969695,0.011400249364104786,0.9696969696969695,0.011400249364104786,1.0,0.0,0.0,0.0,0.0,0.0,-0.005,0.0010519783086551898,0.4877692307692308,0.001048560936413111,0.0,0.0,78.85,0.16055889229418857,0.03082415899783658,0.001749091776168494,0.8809523809523808,0.1051494662678335,0.01128582495043834,0.0018597959636530422,0.0,0.0,0.0,0.0,0.00016404616923038984,6.356006555825106e-06
simulator,sync_trap,nominal,rafts_glr_klucb,RAFTS-GLR-KL-UCB*,20,0.11818181818181817,0.01663253573529131,0.8818181818181816,0.016632535735291314,0.8818181818181816,0.01663253573529131,1.0,0.0,0.0,0.0,0.0,0.0,-0.006192307692307693,0.0013594555764501195,0.1171923076923077,0.0004412618863216603,0.0,0.0,78.05,0.09799999999999999,0.02461370040661501,0.0012405766907287482,0.9125,0.07722620945573196,0.010449180683995968,0.001333741027130329,4.95,5.362923377962316,0.0,0.0,0.00324303788461545,4.197424165726458e-05
simulator,sync_trap,nominal,rafts_klucb,RAFTS-KL-UCB,20,0.11818181818181817,0.01663253573529131,0.8818181818181816,0.016632535735291314,0.8818181818181816,0.01663253573529131,1.0,0.0,0.0,0.0,0.0,0.0,-0.006192307692307693,0.0013594555764501195,0.1171923076923077,0.0004412618863216603,0.0,0.0,78.05,0.09799999999999999,0.02461370040661501,0.0012405766907287482,0.9125,0.07722620945573196,0.010449180683995968,0.001333741027130329,4.95,5.362923377962316,0.0,0.0,0.003195237538461906,4.174274254868397e-05
simulator,sync_trap,nominal,rafts_linucb,RAFTS-LinUCB,20,0.0909090909090909,0.014290968882487032,0.9090909090909094,0.014290968882487038,0.9090909090909094,0.014290968882487038,1.0,0.0,0.0,0.0,0.0,0.0,-0.0052307692307692315,0.0008373070088649461,0.13773076923076924,0.00124459736854088,0.0,0.0,78.3,0.2060577333508359,0.014215740597443002,0.0015966305457778612,0.9116666666666667,0.07343215192048039,0.0087706109483176,0.001027157967476092,0.4,0.7839999999999998,0.0,0.0,0.0012514278923075697,2.6684233939847566e-05
simulator,sync_trap,nominal,rafts_swts,RAFTS-SWTS,20,0.06212121212121212,0.01852070671588457,0.9378787878787878,0.018520706715884572,0.9378787878787878,0.018520706715884572,1.0,0.0,0.0,0.0,0.0,0.0,-0.0036153846153846162,0.0009157879559117854,0.42030769230769227,0.002382364773114501,0.0,0.0,65.85,1.0666870502438353,0.07616414283439057,0.0013633063328666183,0.8898496240601504,0.08494517993948973,0.00904879359057133,0.0012738637066410862,0.0,0.0,0.0,0.0,0.0002151199000001305,1.0410113299323767e-05
simulator,sync_trap,nominal,rafts_swucb,RAFTS-SWUCB,20,0.14090909090909087,0.024097056180629673,0.859090909090909,0.024097056180629677,0.859090909090909,0.024097056180629673,1.0,0.0,0.0,0.0,0.0,0.0,-0.004269230769230769,0.001552553236098111,0.11115384615384616,0.00023202895039464198,0.0,0.0,78.0,0.0,0.05793444696087201,0.001258925641265467,0.905,0.0635510404072357,0.0089080067081516,0.0013504569251161851,47.8,18.104736594546043,0.0,0.0,0.000359161023076992,1.2283603593424066e-05
simulator,sync_trap,nominal,rafts_temporal,RAFTS-Temporal,20,0.08333333333333333,0.007306077176822865,0.9166666666666666,0.007306077176822876,0.9166666666666666,0.007306077176822876,1.0,0.0,0.0,0.0,0.0,0.0,-0.006615384615384616,0.0013678998216765123,0.11076923076923077,0.0,0.0,0.0,78.0,0.0,0.022723076535137412,0.001378276420972253,0.9166666666666666,0.0803668489450515,0.009843885516045097,0.0014761659115998902,54.0,52.671263392559894,0.0,0.0,0.0002773361615386071,1.526869326763437e-05
simulator,sync_trap,nominal,rafts_ts,RAFTS-TS,20,0.11212121212121211,0.04857782950387873,0.8878787878787879,0.04857782950387873,0.8878787878787879,0.04857782950387873,1.0,0.0,0.0,0.0,0.0,0.0,-0.0026153846153846153,0.0016852963332675197,0.4119230769230769,0.005449799781464493,0.0,0.0,78.5,0.2248274191931505,0.030447598799753922,0.002275430574972931,0.9296771340114994,0.06660566288050612,0.009647657361449298,0.0014110880150908017,4.35,6.091578500813967,0.0,0.0,0.00018230015384632193,1.8623318552933263e-05
simulator,sync_trap,nominal,rafts_ucb,RAFTS-UCB,20,0.08636363636363635,0.007797780089059707,0.9136363636363637,0.0077977800890597195,0.9136363636363637,0.0077977800890597195,1.0,0.0,0.0,0.0,0.0,0.0,-0.006038461538461539,0.0013804151768280857,0.11150000000000002,0.0004572403102736527,0.0,0.0,78.45,0.22370045761428853,0.022460080421313866,0.0014111674374646173,0.9066666666666666,0.06526452516960524,0.009287154798809103,0.0014844086920824749,92.6,63.72251618252043,0.0,0.0,0.00030502664615400694,2.1055135354634555e-05
simulator,sync_trap,nominal,random,Random,20,0.07272727272727271,0.013895750274625206,0.9272727272727271,0.013895750274625215,0.9272727272727271,0.013895750274625215,1.0,0.0,0.0,0.0,0.0,0.0,-0.0047692307692307695,0.0010805897094696819,0.3198461538461539,0.002921886482502418,601.1,73.90537921594498,184.55,25.815621786246528,,,0.9225,0.06611417158378773,0.009750397150919424,0.0013535604145588,0.0,0.0,0.0,0.0,9.265637692232513e-05,5.563262946134905e-06
simulator,sync_trap,nominal,sequential,Sequential,20,0.0,0.0,1.0,0.0,1.0,0.0,1.0,0.0,,,,,-0.004961538461538462,0.001063149572445696,0.5,0.0,0.0,0.0,19.0,0.0,,,,,0.009923076923076923,0.002126299144891392,0.0,0.0,0.0,0.0,1.8385230769686483e-05,2.7027926949805314e-06
tsrd,config_0,nominal,coverage_sweep,Coverage Sweep,20,0.2857142857142857,0.01031414460570378,0.7142857142857143,0.01031414460570378,4.461607142857142,0.16927932576537205,15.812499999999986,0.9213776284512897,7.713583900646282,0.631488132136179,21.704999999999995,2.006033907988596,0.11444999999999998,0.002870316285524536,0.4977499999999999,0.00037283409602381455,0.0,0.0,37.7,0.35119165557764664,,,0.8961713432166457,0.01674732794309109,0.009452160338223282,0.002205745870213779,0.0,0.0,0.0,0.0,1.8064509999749136e-05,6.692929472121367e-07
tsrd,config_0,nominal,rafts_cpts,RAFTS-CP-TS,20,0.21339285714285716,0.025891410382189443,0.7866071428571428,0.025891410382189447,7.294196428571428,0.5124691670763689,33.617499999999964,3.7891810204567262,15.977589216704823,3.176457390808631,57.74749999999997,8.142408227073592,0.6111,0.0062611913445151665,0.18329999999999996,0.0037917929101790662,0.0,0.0,78.1,0.1348964515158903,0.11312741339150374,0.003558524447823958,0.8997489304736487,0.00561085100011344,0.009023855153318494,0.0027665112358497518,1744.4,155.36231239538793,0.3,0.2060577333508359,0.00045726523999965144,1.6270800065293874e-05
tsrd,config_0,nominal,rafts_cusum_ucb,RAFTS-CUSUM-UCB,20,0.296875,0.013958202408393575,0.703125,0.013958202408393568,7.314732142857143,0.23582790021483216,37.42999999999997,1.2520162383342381,11.54600732685822,0.9653233924938863,55.81999999999998,2.296162773434249,0.30289999999999995,0.010385858766408747,0.11994999999999997,0.00158004257104541,0.0,0.0,78.0,0.0,0.08733830834648283,0.0027032386794920604,0.8971259754044821,0.007686159514421433,0.010293407972151497,0.001495672323563073,2114.75,124.93681127505594,3.5,0.5775920979194118,0.0004770936499993696,9.413302884977014e-06
tsrd,config_0,nominal,rafts_dts,RAFTS-DTS,20,0.22232142857142856,0.01954086473871722,0.7776785714285713,0.01954086473871722,7.004910714285714,0.36245767788333433,33.11999999999996,2.1761203739925006,14.776837718874358,1.8138941522609788,53.605,6.318094117857478,0.60805,0.007926529724519068,0.17650000000000002,0.0053003987933382,0.0,0.0,78.1,0.1348964515158903,0.12197938907891084,0.003690772400605869,0.9004494368128982,0.0036908290499825364,0.00836414950073301,0.0025810203829284557,2179.1,119.91948905828443,0.0,0.0,0.0004919149299999843,2.467139085873702e-05
tsrd,config_0,nominal,rafts_ducb,RAFTS-DUCB,20,0.2727678571428571,0.028030924534577124,0.727232142857143,0.02803092453457713,7.095089285714286,0.3149955865918893,35.464999999999975,1.1669842564220099,11.354298531448626,1.6729865084129498,52.357499999999995,2.9353221513328407,0.2213,0.011235164009296411,0.10895000000000002,0.0003007985862228817,0.0,0.0,78.05,0.09799999999999999,0.07989994678308135,0.00585348275930413,0.8973254705295426,0.01011440463078175,0.010629285319557603,0.0014843154300492691,1975.35,196.8904106034089,0.0,0.0,0.0004841435700001967,1.3085948811441486e-05
tsrd,config_0,nominal,rafts_exp3s,RAFTS-EXP3.S,20,0.2683035714285714,0.013877133548622918,0.7316964285714286,0.013877133548622918,5.077678571428572,0.22323775530751247,19.397499999999972,1.6783253901622113,9.04355431287102,0.9456722731113524,32.04749999999999,4.727770890065144,0.13430000000000003,0.003359195517726793,0.48690000000000005,0.0013778821277216494,0.0,0.0,78.8,0.17986193535452039,0.10091336120571273,0.0030838222945084345,0.9016755239880286,0.01052619262525271,0.010672448536122812,0.001499345570772242,77.65,21.720830511406856,0.0,0.0,0.00033186416999997164,1.545434556104777e-05
tsrd,config_0,nominal,rafts_glr_klucb,RAFTS-GLR-KL-UCB*,20,0.3223214285714286,0.01674214269755407,0.6776785714285716,0.01674214269755407,7.063392857142857,0.2861802719027217,36.92249999999994,2.7607532323625055,12.464833778719237,0.9904343892650268,57.739999999999974,3.0061334480306,0.50265,0.00967988441644783,0.14989999999999998,0.0028788446512995097,0.0,0.0,78.05,0.09799999999999999,0.12007932324099051,0.003024199286151897,0.8956010203580906,0.005080198282165407,0.010045357560508884,0.0025247298542496986,3306.1,277.482175646046,0.95,0.3618254886136772,0.0032086076300007335,8.90508055545155e-05
tsrd,config_0,nominal,rafts_klucb,RAFTS-KL-UCB,20,0.32321428571428573,0.017061614349484232,0.6767857142857143,0.017061614349484232,7.100892857142857,0.29653702506911694,36.29249999999994,2.8958720721781006,12.317884448315958,1.0281012380667345,58.37249999999997,3.015768619754284,0.5030499999999999,0.00973009329754589,0.14945,0.002852651545861371,0.0,0.0,78.05,0.09799999999999999,0.12061780177637646,0.003029951205648255,0.8970465859038255,0.004924955166525523,0.010001533965642379,0.002462984172549575,3302.55,285.89680778726324,0.0,0.0,0.0031870508099995274,5.164813431194574e-05
tsrd,config_0,nominal,rafts_linucb,RAFTS-LinUCB,20,0.2616071428571428,0.020671220140699557,0.7383928571428571,0.020671220140699567,6.821428571428572,0.2343645523987205,33.62999999999996,1.5126458269848708,13.528380741840095,1.0978751065050205,57.35249999999998,2.2529735134051747,0.5112,0.009225707606579854,0.15075,0.0023745650017147186,0.0,0.0,78.35,0.21447168872174688,0.11350009665163696,0.003986214017100947,0.9006097680620947,0.005185081980204304,0.008989017331734565,0.0026957574606200365,2494.9,288.90146303249446,0.0,0.0,0.001435197519999565,3.66679414138441e-05
tsrd,config_0,nominal,rafts_swts,RAFTS-SWTS,20,0.20491071428571428,0.022656818277809535,0.7950892857142857,0.022656818277809535,7.006696428571429,0.4334616581037504,30.74749999999998,3.0359317705217235,14.557491965263386,2.115664969929575,53.13999999999997,5.538410709903966,0.6043499999999999,0.008263470546549091,0.1736,0.005679551798476615,0.0,0.0,78.2,0.17986193535452039,0.13215648546924003,0.0031389390419919983,0.9004642607779759,0.003700350605881881,0.011323290234366307,0.004389479329062557,2393.7,202.54752481123506,0.0,0.0,0.0005202482500008046,2.5959835043703035e-05
tsrd,config_0,nominal,rafts_swucb,RAFTS-SWUCB,20,0.2553571428571429,0.010576475883074813,0.7446428571428573,0.01057647588307481,7.449553571428571,0.21338927510599762,36.05749999999999,0.5980272001383101,13.216615051235223,0.9197354298651106,57.10999999999998,2.020104075484598,0.23015,0.011802283195703235,0.11085000000000003,0.0002573267429389706,0.0,0.0,78.0,0.0,0.09300143089045025,0.0034666342944464088,0.8993676224597689,0.007770026552904202,0.009669481668449402,0.0016337767436846642,2184.8,180.5457184520542,0.0,0.0,0.0005223711199996615,1.3878311016092214e-05
tsrd,config_0,nominal,rafts_temporal,RAFTS-Temporal,20,0.15267857142857139,0.010765289005336598,0.8473214285714287,0.0107652890053366,8.176339285714285,0.366680830443144,37.87249999999997,0.8672766871680816,24.376915294457866,2.8670254557644532,72.59749999999998,8.241746565631889,0.1496,0.009725858490047088,0.10800000000000001,6.240214433882188e-18,0.0,0.0,78.0,0.0,0.04867996566720728,0.0026824884105447005,0.8968362229673502,0.008397886223578047,0.009575269177824499,0.0015340265665816002,968.55,127.47587582630764,0.0,0.0,0.0004117981799998233,1.5014148626058286e-05
tsrd,config_0,nominal,rafts_ts,RAFTS-TS,20,0.21339285714285716,0.025891410382189443,0.7866071428571428,0.025891410382189447,7.295535714285714,0.5123911983353918,33.66249999999996,3.7908854787711412,15.982946359561964,3.1763484226112384,57.74749999999997,8.142408227073592,0.6103,0.006652916479575751,0.18294999999999997,0.0035675372310232244,0.0,0.0,78.1,0.1348964515158903,0.11439964809729172,0.004286630326098973,0.8992944528700779,0.005412593673878699,0.008656599756626599,0.002622415673737701,1730.25,155.17893201754308,0.0,0.0,0.0004306105599998773,1.5883473322455063e-05
tsrd,config_0,nominal,rafts_ucb,RAFTS-UCB,20,0.2924107142857143,0.017121734225677518,0.7075892857142858,0.017121734225677518,7.2924107142857135,0.2740444448082521,37.10749999999997,1.1919516704702529,11.585595393545109,1.0993243742667258,54.85499999999998,2.7205409055824474,0.30885,0.009365647542734931,0.12135,0.001591517713246996,0.0,0.0,78.1,0.1348964515158903,0.09019183683754096,0.002970856086184335,0.8982863684236115,0.005922293251461797,0.010685452718133785,0.0015696937995362458,2133.3,122.50755917729708,0.0,0.0,0.00047157155000022614,9.593372879524423e-06
tsrd,config_0,nominal,random,Random,20,0.240625,0.014501899830167442,0.759375,0.014501899830167442,6.454910714285714,0.33296377801061966,26.86999999999997,2.0273200894933074,12.935091145218626,1.2395765318586114,47.519999999999975,8.42699055154266,0.15495,0.00804678031722528,0.31805000000000005,0.004866825594617199,459.55,56.1156762767767,184.0,18.17907298892994,,,0.8944196344125908,0.00731846515430615,0.008926290104423753,0.0018274031964547266,0.0,0.0,0.0,0.0,8.72558900002332e-05,3.983365593607027e-06
tsrd,config_0,nominal,sequential,Sequential,20,0.3419642857142857,0.007193061349588737,0.6580357142857143,0.007193061349588749,4.174107142857142,0.1390208357159382,15.564999999999992,0.4973261791028619,5.681350473556828,0.34997427531521125,19.935,1.8534031180222867,0.11950000000000001,0.0019156562706729042,0.5,0.0,0.0,0.0,19.0,0.0,,,0.8992700729927009,0.014809745334978452,0.01019283746556474,0.00207647069240411,0.0,0.0,0.0,0.0,2.003263999995397e-05,4.874223787913769e-06
tsrd,config_1,nominal,coverage_sweep,Coverage Sweep,20,0.25164473684210525,0.008966735496183754,0.7483552631578947,0.008966735496183756,4.09671052631579,0.11751798027908723,13.072499999999987,0.8477655891875555,6.4526298284068675,0.5145738414309317,21.632499999999997,2.33649968644056,0.12239999999999998,0.002406388689783051,0.4977499999999999,0.00037283409602381455,0.0,0.0,37.7,0.35119165557764664,,,0.8928997447504823,0.013752560114572307,0.009410388524279677,0.002204456530677401,0.0,0.0,0.0,0.0,1.916452000023128e-05,1.403355279558512e-06
tsrd,config_1,nominal,rafts_cpts,RAFTS-CP-TS,20,0.1325657894736842,0.01479941054521379,0.867434210526316,0.014799410545213793,6.181578947368422,0.19864283787106193,24.844999999999978,1.106367940129944,17.113485424534186,2.0989225756613146,69.35,7.238692270671112,0.5659,0.010438289394037894,0.15425000000000003,0.004925465406810226,0.0,0.0,78.55,0.22370045761428853,0.13253162159934972,0.0038408695294145164,0.8987757533954737,0.005548308980281037,0.01035571196150158,0.0031918430873537204,2667.95,243.84813290199594,3.0,0.512685396504985,0.000529189629999746,1.8588629510933038e-05
tsrd,config_1,nominal,rafts_cusum_ucb,RAFTS-CUSUM-UCB,20,0.23453947368421052,0.007202304262458075,0.7654605263157894,0.007202304262458072,6.603618421052632,0.20299728472853637,28.432499999999983,0.6492132611253727,12.118538054031475,0.9817292357963537,67.47,6.049752014752342,0.2576,0.0068760443953130345,0.11560000000000001,0.001123237426277041,0.0,0.0,78.0,0.0,0.0977132232539177,0.002374562107284453,0.8971679705935112,0.008102260533318573,0.010466838610861205,0.0016644030964850882,3520.3,224.82391635467215,6.25,0.6177642200540165,0.0006067293799998879,2.1584301846426785e-05
tsrd,config_1,nominal,rafts_dts,RAFTS-DTS,20,0.13092105263157894,0.012049218389563182,0.8690789473684211,0.012049218389563188,6.3236842105263165,0.17022852041207834,24.484999999999975,1.116174737310663,18.274545892918574,1.6668312065579054,71.10249999999998,7.443144142483709,0.5570999999999999,0.011941616887789384,0.15829999999999997,0.004552630332826116,0.0,0.0,78.45,0.22370045761428853,0.14075080544487156,0.0046938426923452846,0.8969952497668299,0.006918077771736009,0.009423914574478377,0.00359199719210082,2847.95,330.5563610320286,0.0,0.0,0.0005613309200000003,3.0524376258274545e-05
tsrd,config_1,nominal,rafts_ducb,RAFTS-DUCB,20,0.2414473684210526,0.006555056343630711,0.7585526315789475,0.006555056343630711,6.870394736842106,0.20450320031031993,32.002499999999955,1.2990954543349207,12.692182444182249,0.9463078863831497,66.255,6.7780858327251545,0.23195000000000002,0.009929611843794348,0.10885,0.0002573267429389706,0.0,0.0,78.05,0.09799999999999999,0.09177278969884954,0.002567098251887831,0.9013405429144079,0.006698297211338432,0.011868365523612603,0.002527492286992751,2431.15,144.80793735951005,0.0,0.0,0.00057306000999979,2.9806887286522852e-05
tsrd,config_1,nominal,rafts_exp3s,RAFTS-EXP3.S,20,0.23947368421052628,0.013242943968436892,0.7605263157894737,0.013242943968436893,4.642434210526316,0.21278942904205217,16.379999999999985,1.5596185863014198,7.50042745931206,0.8681209536481541,28.862499999999983,4.069847497142858,0.13940000000000002,0.004306839016702326,0.48715,0.0013359743930732245,0.0,0.0,78.7,0.2060577333508359,0.13995612925247503,0.0032091977979905725,0.9010707020577776,0.010527347937140656,0.008850297315731007,0.0013719994865764415,207.9,60.90605908152412,0.0,0.0,0.0004193799899996521,9.860087936501461e-06
tsrd,config_1,nominal,rafts_glr_klucb,RAFTS-GLR-KL-UCB*,20,0.2026315789473684,0.011210188178480247,0.7973684210526317,0.011210188178480244,6.121052631578948,0.2404797914720268,23.047499999999914,0.8976352614684896,14.225405186365975,1.6488578089191122,68.76249999999996,3.446670148586569,0.48329999999999995,0.006859410500987137,0.13355,0.001573631335144089,0.0,0.0,78.1,0.1348964515158903,0.13102263308308867,0.002952822763876349,0.9032843982897865,0.004796179686240802,0.01036896607850121,0.0019588549886121577,3494.35,129.7817343493946,5.5,0.4822010936703089,0.003083348510000178,0.0002992213626612726
tsrd,config_1,nominal,rafts_klucb,RAFTS-KL-UCB,20,0.2375,0.004851899795202446,0.7625000000000002,0.0048518997952024375,5.939802631578948,0.2018871766294318,23.624999999999925,0.9191427756911821,12.139661603945658,1.0991017166628771,67.12,2.8941708035290516,0.4774,0.0061578091797925005,0.13465000000000002,0.001754662420674221,0.0,0.0,78.1,0.1348964515158903,0.16601306365011123,0.003767627747703822,0.9014344094872792,0.005364323600682343,0.011439976584702378,0.0024091017819524133,3493.0,129.73278502976396,0.0,0.0,0.0029641675799997754,8.170914631446139e-05
tsrd,config_1,nominal,rafts_linucb,RAFTS-LinUCB,20,0.2,0.02761496268626616,0.8,0.027614962686266155,6.421052631578948,0.17761608529946674,27.87249999999998,0.6747622969375336,14.099803859105213,1.945682976055996,62.69749999999998,2.4552294242676087,0.44075,0.012431045304736885,0.1355,0.0019261819338020128,0.0,0.0,78.15,0.16055889229418857,0.17837732528729916,0.004464854997954588,0.8970532793260985,0.006854111405839587,0.009522602043181139,0.002280469425463479,3256.05,302.13119601956123,0.0,0.0,0.0015156968999996026,3.1983625028601556e-05
tsrd,config_1,nominal,rafts_swts,RAFTS-SWTS,20,0.15361842105263157,0.024128831175103747,0.8463815789473685,0.024128831175103744,6.235855263157895,0.27301232736250913,25.389999999999976,1.2413568603495322,16.388422588785886,2.1875397441795847,69.5775,5.490414814114922,0.5671999999999999,0.012151168053015781,0.16319999999999998,0.003793125748952758,0.0,0.0,78.6,0.2202849828840144,0.14311141483447345,0.005350134964484971,0.8977879342862309,0.00689837938247244,0.009772342656652352,0.0035375015354151013,2622.25,209.9612158045034,0.0,0.0,0.000572170460000052,3.5693255962558845e-05
tsrd,config_1,nominal,rafts_swucb,RAFTS-SWUCB,20,0.25296052631578947,0.010807758896023293,0.7470394736842106,0.010807758896023301,6.566776315789474,0.22237007184802518,28.39749999999999,0.7586542999562442,11.266739299625105,1.188102102012597,66.02999999999999,6.521264145127557,0.23485,0.009469772531031232,0.11040000000000001,0.00026219157319149616,0.0,0.0,78.0,0.0,0.10310073578054353,0.0026161283703174665,0.8974068797442524,0.008331590969117545,0.010242794494146917,0.0017297983073445151,3088.7,295.52936456966063,0.0,0.0,0.0006148121399999582,2.4403840211540774e-05
tsrd,config_1,nominal,rafts_temporal,RAFTS-Temporal,20,0.20263157894736844,0.010690727785886376,0.7973684210526316,0.010690727785886377,7.016447368421052,0.17896712403170972,29.849999999999955,1.6253638556205947,15.074363283395508,1.189360042906481,67.86749999999998,3.745744064303264,0.16505000000000003,0.009730093297545886,0.10800000000000001,6.240214433882188e-18,0.0,0.0,78.0,0.0,0.08445385751153214,0.004104949169476813,0.8989292717847089,0.00827789946435982,0.00961299846789982,0.0015278401589530523,2066.3,202.32694510774283,0.0,0.0,0.0005438794300003792,4.4422728695534194e-05
tsrd,config_1,nominal,rafts_ts,RAFTS-TS,20,0.12828947368421054,0.015944420935663086,0.8717105263157896,0.015944420935663093,6.282236842105263,0.2144294525536705,25.149999999999977,1.0128718524441729,18.164578989926042,2.2968841091742607,69.84499999999998,7.30871338220058,0.5119,0.01788524376185722,0.1472,0.005559377928093072,0.0,0.0,78.5,0.2248274191931505,0.19264508307481473,0.009610518711374017,0.8977637504702749,0.005165652371631569,0.010711523565961221,0.00278137917037656,2517.9,238.16429817559492,0.0,0.0,0.0005248122099997999,3.375663517739429e-05
tsrd,config_1,nominal,rafts_ucb,RAFTS-UCB,20,0.2328947368421052,0.00683606701382633,0.7671052631578947,0.006836067013826329,6.656578947368421,0.22651739361631912,28.654999999999983,0.9081163257273906,12.40350585351553,1.1601936521026464,68.99999999999997,6.558455130994114,0.25005,0.006187412332180642,0.11445000000000002,0.0008820000000000006,0.0,0.0,78.0,0.0,0.1356595463391322,0.002624206138355116,0.8953533866847339,0.008090735691052335,0.009805577925240137,0.001614348015421056,3487.05,236.32219416853678,0.0,0.0,0.000599525270000413,2.284496684074206e-05
tsrd,config_1,nominal,random,Random,20,0.2075657894736842,0.011626922693323391,0.7924342105263158,0.011626922693323397,5.3667763157894735,0.2137262837377039,20.307499999999973,1.4586305854248423,10.38955535564316,1.1133035858082252,43.37249999999999,5.99204710907453,0.1676,0.007054567105969831,0.31805000000000005,0.004866825594617199,459.55,56.1156762767767,184.0,18.17907298892994,,,0.9040984497181693,0.009112236285582009,0.010146545187379629,0.002086186458656185,0.0,0.0,0.0,0.0,8.84943300003215e-05,5.096731781412286e-06
tsrd,config_1,nominal,sequential,Sequential,20,0.25625,0.00472163899890514,0.74375,0.0047216389989051385,3.8871710526315786,0.07835901791441395,12.224999999999994,0.21699049215163357,5.791308491552394,0.3350154910428951,19.294999999999995,1.153452309145758,0.122,0.0014980998491071068,0.5,0.0,0.0,0.0,19.0,0.0,,,0.8971428571428571,0.00986818385679852,0.009999999999999998,0.0020675311026194733,0.0,0.0,0.0,0.0,1.7728060000627012e-05,7.171197799505716e-07
tsrd,config_10,nominal,coverage_sweep,Coverage Sweep,20,0.12955665024630542,0.00780313505606387,0.8704433497536946,0.007803135056063879,2.3726600985221675,0.0996310849505743,6.984999999999985,0.603153765853411,6.261442129764843,0.7228154340230061,24.062499999999993,2.4223511192097735,0.1386,0.003265497334573289,0.4977499999999999,0.00037283409602381455,0.0,0.0,37.7,0.35119165557764664,,,0.8926493882478661,0.015677045857610438,0.010635649284497464,0.002385315206528579,0.0,0.0,0.0,0.0,1.8211610000435027e-05,3.454888209484549e-07
tsrd,config_10,nominal,rafts_cpts,RAFTS-CP-TS,20,0.10689655172413792,0.021996000068761828,0.893103448275862,0.02199600006876182,3.766748768472907,0.19826388285441301,9.21499999999997,1.2404505217226731,20.23622827790993,4.49668996017989,78.46999999999996,9.964952329777429,0.6414000000000001,0.013808430803793669,0.14755000000000001,0.006683805707592202,0.0,0.0,78.6,0.2202849828840144,0.1253506915611456,0.0068292518059247295,0.8957030087966379,0.005266513123276697,0.012827126090771992,0.0050781211185685,2248.1,286.1821816204717,1.8,0.3919999999999999,0.0005081829000004291,2.0445773440051637e-05
tsrd,config_10,nominal,rafts_cusum_ucb,RAFTS-CUSUM-UCB,20,0.15,0.00873400659883767,0.85,0.00873400659883767,3.9485221674876847,0.18141703319606714,12.989999999999919,2.178943092901943,13.681431305150388,1.104278551028469,67.97,4.594860841830732,0.31460000000000005,0.008341551742552716,0.11400000000000003,0.0012065505420521408,0.0,0.0,78.0,0.0,0.08670256424830217,0.002617293968605475,0.8944431718661645,0.006652725007829041,0.010485563694090042,0.0019207547581553545,2704.2,262.9428171030828,2.05,0.3887629503681483,0.0005632708199998887,2.104651383582302e-05
tsrd,config_10,nominal,rafts_dts,RAFTS-DTS,20,0.09704433497536945,0.020542708652424503,0.9029556650246302,0.0205427086524245,3.635960591133005,0.17522125446280873,8.55999999999998,0.9627655078771172,21.20017529512652,4.138471506425721,76.29999999999998,6.802684776499713,0.6415500000000001,0.014624137934107067,0.14679999999999999,0.006345711589644408,0.0,0.0,78.6,0.2202849828840144,0.12965828570075494,0.005485755696825746,0.8980483360263376,0.005936855919063241,0.009217814344494589,0.003942879867909242,2360.75,243.9701300763552,0.0,0.0,0.0005321462599998995,2.1076016545717673e-05
tsrd,config_10,nominal,rafts_ducb,RAFTS-DUCB,20,0.14384236453201973,0.01049755379645032,0.8561576354679804,0.010497553796450322,3.9167487684729068,0.1156774996927445,12.734999999999951,0.4656207876531483,13.673812111216165,1.0601015457817775,64.30249999999998,2.804891908884599,0.19425,0.012424537648921733,0.1086,0.0004585597590626321,0.0,0.0,78.05,0.09799999999999999,0.08003252339198397,0.0027621698156713856,0.8948473242394904,0.011902259565225498,0.010596099242673363,0.001490048100011015,1742.05,161.26778314931576,0.0,0.0,0.0005266577300002608,1.4492593880525448e-05
tsrd,config_10,nominal,rafts_exp3s,RAFTS-EXP3.S,20,0.12438423645320199,0.00896684340324462,0.875615763546798,0.008966843403244624,2.676108374384236,0.12210297700016323,7.099999999999989,0.5483208434561095,8.13809095353117,1.0642251880459916,34.14,5.756431997248587,0.15914999999999999,0.0038870443649046326,0.4873,0.0014226442392878658,0.0,0.0,78.75,0.19470625648856144,0.10324127578961888,0.003941436509478043,0.900861995834045,0.01188319690769227,0.011344086030532325,0.0027552629140962697,172.9,49.03772063905177,0.0,0.0,0.00038999473000003493,8.396740074489168e-06
tsrd,config_10,nominal,rafts_glr_klucb,RAFTS-GLR-KL-UCB*,20,0.16527093596059111,0.004671337129252165,0.8347290640394089,0.004671337129252165,3.813300492610838,0.11941741049689042,9.669999999999982,0.5270944467450401,12.820840608051707,0.8962730065028959,64.85999999999999,1.4251753177471844,0.51475,0.005156102056888777,0.14245,0.0030776730444316267,0.0,0.0,78.4,0.2202849828840144,0.13117396350979454,0.0026605783839466295,0.8999119691768704,0.004884637448975647,0.01165827466039978,0.002411517606341497,2968.65,199.8401517271136,1.5,0.2248274191931505,0.0028727890499996643,2.7389726961190997e-05
tsrd,config_10,nominal,rafts_klucb,RAFTS-KL-UCB,20,0.16527093596059111,0.004671337129252165,0.8347290640394089,0.004671337129252165,3.813300492610838,0.11941741049689042,9.669999999999982,0.5270944467450401,12.820840608051707,0.8962730065028959,64.85999999999999,1.4251753177471844,0.5147000000000002,0.005168292887252143,0.14245,0.0030776730444316267,0.0,0.0,78.4,0.2202849828840144,0.13558828577433238,0.002877958768904332,0.8998242498786251,0.004906405419344717,0.01165827466039978,0.002411517606341497,2968.65,199.8401517271136,0.0,0.0,0.0028639117700002313,4.6468028344672024e-05
tsrd,config_10,nominal,rafts_linucb,RAFTS-LinUCB,20,0.13374384236453202,0.01211765134771865,0.8662561576354681,0.012117651347718658,3.749261083743842,0.1251549427093713,13.484999999999905,2.42126813706759,14.629996091434197,1.273289206684572,64.8575,1.5857949046057882,0.5287499999999999,0.00911688352800221,0.14705,0.0037525979492107927,0.0,0.0,78.3,0.2060577333508359,0.1372293489498348,0.005490897504080442,0.8997874425375322,0.004914188241964394,0.010764424692137523,0.0031389400380590904,3081.25,374.23767242221885,0.0,0.0,0.0015158911800006536,2.002728589389819e-05
tsrd,config_10,nominal,rafts_swts,RAFTS-SWTS,20,0.10467980295566504,0.01345311467696408,0.8953201970443351,0.013453114676964077,3.6256157635467985,0.13906553393933704,8.739999999999975,0.7696062916910944,17.62757003865035,2.005813140062408,69.85999999999997,4.963788212963741,0.63685,0.01423090078149067,0.14484999999999998,0.006527394757159202,0.0,0.0,78.55,0.22370045761428853,0.14101754454149687,0.0043564174650868575,0.8957602125663102,0.0049074768427411816,0.01207732738225228,0.004463789596386782,2524.45,245.77265051861926,0.0,0.0,0.0005751651200000196,1.7694338225345287e-05
tsrd,config_10,nominal,rafts_swucb,RAFTS-SWUCB,20,0.16354679802955668,0.007724137931034483,0.8364532019704434,0.007724137931034483,3.9349753694581273,0.1620525581531505,11.834999999999951,0.6764690540243683,12.412610434397495,0.8022338679524578,66.17999999999999,3.6757144708993574,0.24630000000000002,0.008301095983441937,0.11110000000000002,0.00024214654110356638,0.0,0.0,78.1,0.1348964515158903,0.10022045167566744,0.002918374877462437,0.8917554442767284,0.008358189863761181,0.010330249431252787,0.0011871646640433204,1882.55,349.2105709315166,0.0,0.0,0.0005795405099999699,2.4926661328345386e-05
tsrd,config_10,nominal,rafts_temporal,RAFTS-Temporal,20,0.1022167487684729,0.012190315520019443,0.897783251231527,0.012190315520019434,3.756650246305419,0.15680352959291696,11.459999999999946,0.7550185442128201,18.335272387615714,2.7053634225277476,69.945,8.4415941833157,0.18065,0.01213591252613932,0.10800000000000001,6.240214433882188e-18,0.0,0.0,78.0,0.0,0.06367524219858899,0.005316460652042057,0.8979830946868963,0.008037720553775385,0.009722298385579049,0.0015842150031155665,1695.5,189.5273807742773,0.0,0.0,0.000492150039999433,1.375678120958135e-05
tsrd,config_10,nominal,rafts_ts,RAFTS-TS,20,0.1103448275862069,0.023881468777551186,0.8896551724137929,0.023881468777551183,3.7423645320197045,0.21979163707337038,8.599999999999977,0.9048011819993146,20.01676262591487,4.585104237622379,77.68249999999998,9.995649244362049,0.6401500000000001,0.014306710468205213,0.14655,0.006848163472593833,0.0,0.0,78.55,0.22370045761428853,0.1290302937794785,0.007088070411641164,0.896160105222903,0.005303653291797508,0.012628381214767323,0.0049613567768356966,2295.9,276.83221701620147,0.0,0.0,0.0005003009699999893,2.3164966038697852e-05
tsrd,config_10,nominal,rafts_ucb,RAFTS-UCB,20,0.1514778325123153,0.00960102785660854,0.8485221674876847,0.009601027856608537,3.9293103448275857,0.1820485187605974,12.299999999999931,2.1084449145980946,13.545625420777142,1.1345016927996399,67.82749999999999,4.627451199037505,0.31579999999999997,0.008157983032459357,0.11385000000000003,0.0011834980265920882,0.0,0.0,78.0,0.0,0.09094020097696735,0.003399025070793677,0.8955675809996038,0.006700692766389581,0.010612095016319305,0.001999851468044081,2704.9,263.1568168046133,0.0,0.0,0.0005636213300000236,2.062513152482486e-05
tsrd,config_10,nominal,random,Random,20,0.12857142857142856,0.009576082603675548,0.8714285714285716,0.009576082603675557,2.92192118226601,0.14182586199229652,7.529999999999984,0.5762077183940163,9.28666929545054,1.539084972378668,44.43499999999999,7.710000953102543,0.1932,0.008537049706087608,0.31805000000000005,0.004866825594617199,459.55,56.1156762767767,184.0,18.17907298892994,,,0.9039761124722716,0.005598400356493155,0.009929358813561107,0.002324502332120825,0.0,0.0,0.0,0.0,8.728818000035972e-05,1.6034925911578394e-06
tsrd,config_10,nominal,sequential,Sequential,20,0.12931034482758622,0.002701541977628177,0.870689655172414,0.002701541977628183,2.2815270935960585,0.02694062655236012,8.0,0.0,5.738246133496133,0.28896577111046856,17.517499999999995,1.2373124293785822,0.13979999999999998,0.001587224257030257,0.5,0.0,0.0,0.0,19.0,0.0,,,0.9,0.009460131859310978,0.009677419354838708,0.0020041530401050593,0.0,0.0,0.0,0.0,1.752283000041644e-05,2.1715364908174086e-07
tsrd,config_103,nominal,coverage_sweep,Coverage Sweep,20,0.46206896551724136,0.023206266862713744,0.5379310344827586,0.023206266862713758,7.643103448275862,0.312203577067934,18.069999999999997,1.297711965446553,7.048263125763126,0.6797028608907878,15.387499999999998,1.7016758728723247,0.0158,0.0014886223938860206,0.4977499999999999,0.00037283409602381455,0.0,0.0,37.7,0.35119165557764664,,,0.8932834086203651,0.03499758512335191,0.010017503509750433,0.0020906798566260355,0.0,0.0,0.0,0.0,2.041142999951262e-05,3.3815375740329317e-06
tsrd,config_103,nominal,rafts_cpts,RAFTS-CP-TS,20,0.9775862068965517,0.01228253861140265,0.022413793103448258,0.01228253861140265,0.7206896551724138,0.11093634106638399,1.659999999999998,0.24147762672870157,0.7073691634036461,0.11660794744220579,1.6274999999999984,0.26549395770703943,0.38475000000000004,0.004556570155165769,0.24895,0.002974102217476732,0.0,0.0,78.05,0.09799999999999999,0.10982136242980292,0.0026888825957584526,0.8957700983673252,0.006555696547858052,0.010212242878165282,0.0021776670198654026,724.15,6.941708131971099,0.4,0.2202849828840144,0.00029305479000013297,4.083497409060055e-06
tsrd,config_103,nominal,rafts_cusum_ucb,RAFTS-CUSUM-UCB,20,0.4603448275862069,0.02261601363736788,0.539655172413793,0.022616013637367892,8.227586206896552,0.3032631905434525,19.79999999999999,0.4672950155725499,7.6451800976800985,0.8277471691452916,33.39499999999996,3.930507378256183,0.09985000000000001,0.006680477307246212,0.11739999999999999,0.0014247744789227061,0.0,0.0,78.2,0.17986193535452039,0.04339155914595783,0.002665665412568564,0.8954802930708619,0.009648744484266922,0.009945530101515287,0.0014330730533567424,472.1,31.3170633697552,0.6,0.4359565405670132,0.0003160446000001685,1.887385712987413e-05
tsrd,config_103,nominal,rafts_dts,RAFTS-DTS,20,0.9844827586206897,0.010372365042168322,0.015517241379310338,0.010372365042168322,0.6655172413793105,0.1057436854696744,1.4099999999999993,0.24376933013771304,0.6590380405035579,0.10841697563961823,1.4174999999999993,0.24967740344186856,0.3881,0.004966396469749156,0.23945,0.002887872974316818,0.0,0.0,78.0,0.0,0.1277539902121383,0.002745555626497327,0.8974496821854554,0.007373419902828706,0.007813071934065826,0.0018538796756346046,734.45,7.277570141049465,0.0,0.0,0.0003079139199995552,4.835073807589228e-06
tsrd,config_103,nominal,rafts_ducb,RAFTS-DUCB,20,0.3655172413793103,0.02422011417776873,0.6344827586206897,0.024220114177768724,10.467241379310344,0.24013135473346253,23.57,0.721846585246184,10.26557303807304,1.0041877548650555,43.32749999999998,3.651895480359982,0.061450000000000005,0.00411003954392553,0.10850000000000001,0.00022482741919315074,0.0,0.0,78.1,0.1348964515158903,0.05150308847781419,0.0016831817420293672,0.9063842600077743,0.015335095473782924,0.011479620050861455,0.0015852426546042826,551.4,42.346744250669126,0.0,0.0,0.00032354849000021206,4.127801648869433e-06
tsrd,config_103,nominal,rafts_exp3s,RAFTS-EXP3.S,20,0.4844827586206897,0.04202919485132988,0.5155172413793103,0.04202919485132988,7.662068965517241,0.45811914881971627,19.349999999999994,1.2743173693765364,7.220492950676774,0.7222800019436516,18.124999999999993,2.800374198679806,0.021900000000000003,0.0034004729082879044,0.4873,0.0009861700504583649,0.0,0.0,78.9,0.1348964515158903,0.04085376125381675,0.0015912724246063992,0.8784903418640534,0.024623075864658957,0.009105380008492594,0.0015885138927351863,18.75,8.978330345307734,0.0,0.0,0.00019897184999990717,3.167381091405077e-06
tsrd,config_103,nominal,rafts_glr_klucb,RAFTS-GLR-KL-UCB*,20,0.9068965517241377,0.01211005708888437,0.09310344827586207,0.012110057088884373,1.675862068965517,0.08062776412444018,3.119999999999996,0.2703917781372257,1.6301066341066341,0.0871955864353819,1.7074999999999996,0.38380845757390897,0.31094999999999995,0.0036265575673734597,0.13865,0.001690098159715486,0.0,0.0,78.15,0.16055889229418857,0.08316773421569901,0.0018106194582364768,0.8976749219423106,0.00475333745934652,0.011198641920401792,0.001838936176322703,781.05,3.4405941653334113,0.05,0.09799999999999998,0.0031232979200000043,3.0106854264135643e-05
tsrd,config_103,nominal,rafts_klucb,RAFTS-KL-UCB,20,0.9068965517241377,0.01211005708888437,0.09310344827586207,0.012110057088884373,1.6741379310344828,0.08138087758803392,3.119999999999996,0.2703917781372257,1.6283209198209199,0.08809568619653711,1.7074999999999996,0.38380845757390897,0.3106,0.00353315412984817,0.13890000000000002,0.001620629897033213,0.0,0.0,78.15,0.16055889229418857,0.08320982969705515,0.001825420296944133,0.8968130325758802,0.004755012467666933,0.011103773867859485,0.0017994846267468745,780.8,3.7150307500321187,0.0,0.0,0.003145122409999931,8.386940600446951e-05
tsrd,config_103,nominal,rafts_linucb,RAFTS-LinUCB,20,0.9620689655172413,0.01828052537840872,0.03793103448275861,0.01828052537840872,3.146551724137931,0.44481343130871487,5.369999999999991,1.7740065887256709,2.6217664308871207,0.2978368832459198,3.7299999999999947,1.343602967671936,0.26880000000000004,0.01165430396214657,0.15084999999999998,0.0027837774790079005,0.0,0.0,78.1,0.1348964515158903,0.0757722357851339,0.0033965136831048365,0.8937186507937753,0.007074469910894027,0.009574837786712816,0.001696409461718859,608.95,29.086264796110783,0.0,0.0,0.0012480782199989335,2.228142879495334e-05
tsrd,config_103,nominal,rafts_swts,RAFTS-SWTS,20,0.9879310344827585,0.008873335963412768,0.01206896551724137,0.008873335963412768,0.6310344827586207,0.1495361156308563,1.069999999999999,0.22442236496110785,0.6292920999817552,0.1508791334740799,1.044999999999999,0.22537757325500607,0.39259999999999995,0.005783617079848542,0.22689999999999996,0.002775139105095739,0.0,0.0,78.0,0.0,0.1445930059592575,0.002026299483239829,0.8962250294786973,0.005536506625651269,0.008563974819041673,0.0019020031753148533,744.7,8.672745015579736,0.0,0.0,0.00033939307000018746,1.0665787710266168e-05
tsrd,config_103,nominal,rafts_swucb,RAFTS-SWUCB,20,0.3586206896551724,0.03965246104515905,0.6413793103448276,0.03965246104515904,9.66896551724138,0.5237133479470889,21.7,0.5648495281698362,9.598575174825175,1.469901997055088,41.72249999999996,5.858031353305968,0.07965,0.00982500966652799,0.11120000000000003,0.0003653013175880689,0.0,0.0,78.0,0.0,0.06715703061313605,0.003040332606816114,0.8925638855267264,0.013817312522129697,0.009695869087460531,0.0012714942448602577,490.45,22.930842750827058,0.0,0.0,0.0003496906200001832,4.589014287878412e-06
tsrd,config_103,nominal,rafts_temporal,RAFTS-Temporal,20,0.2775862068965518,0.02750832472465415,0.7224137931034483,0.02750832472465414,10.479310344827585,0.220039284421621,24.019999999999996,0.9336809598234493,9.37904761904762,0.9355587365866659,42.52749999999996,5.654843028162482,0.0442,0.00218719065181077,0.10800000000000001,6.240214433882188e-18,0.0,0.0,78.0,0.0,0.03272795866459047,0.0017896924353291948,0.8862853087626228,0.014953580341510737,0.009660564221439249,0.0013560380383286733,380.85,104.0778819831825,0.0,0.0,0.000298351989999901,1.0748888511138124e-05
tsrd,config_103,nominal,rafts_ts,RAFTS-TS,20,0.9775862068965517,0.01228253861140265,0.022413793103448258,0.01228253861140265,0.7189655172413794,0.11173261938186196,1.659999999999998,0.24147762672870157,0.7055173115517943,0.11755489362610849,1.6274999999999984,0.26549395770703943,0.38434999999999997,0.004392543226878938,0.24904999999999994,0.0029399140338308882,0.0,0.0,78.05,0.09799999999999999,0.10913484048673798,0.0028236125839241,0.8954991725109677,0.00644868801001279,0.010523694482992282,0.0023298060585869424,724.05,6.9084238281589,0.0,0.0,0.0002759704600006444,3.7403206292048924e-06
tsrd,config_103,nominal,rafts_ucb,RAFTS-UCB,20,0.46551724137931033,0.027078910862148663,0.5344827586206896,0.027078910862148673,8.160344827586206,0.331149726990621,19.79999999999999,0.4672950155725499,7.590735653235653,0.8399137965997774,32.93749999999996,4.07928194629501,0.10155,0.007523459156811482,0.11779999999999999,0.0015999121028488098,0.0,0.0,78.2,0.17986193535452039,0.04321178524423841,0.002797996741206848,0.8946831172364748,0.010046441522194265,0.009720745716414682,0.0013192048084904378,471.55,30.988192450809727,0.0,0.0,0.0003050175500002297,5.143262541959866e-06
tsrd,config_103,nominal,random,Random,20,0.32931034482758625,0.03483529051728101,0.6706896551724137,0.03483529051728101,9.198275862068964,0.44648579490744555,22.389999999999993,0.8448127740262296,8.168583222333222,1.1575408798250477,22.27749999999999,3.6364365133002297,0.021250000000000005,0.002857608680071687,0.31805000000000005,0.004866825594617199,459.55,56.1156762767767,184.0,18.17907298892994,,,0.9114357988219787,0.021449897373144563,0.009508301267956721,0.0018287586597114567,0.0,0.0,0.0,0.0,8.756326999955489e-05,1.8551656744784699e-06
tsrd,config_103,nominal,sequential,Sequential,20,0.536206896551724,0.019901874561256916,0.4637931034482759,0.019901874561256916,6.825862068965518,0.210922487274413,15.009999999999996,0.9399722235537764,6.768989711269124,0.1784344864912029,13.944999999999999,0.5209450703440706,0.016250000000000004,0.0011800762687216452,0.5,0.0,0.0,0.0,19.0,0.0,,,0.9108695652173914,0.03120387512319918,0.009853249475890986,0.0019342024976329519,0.0,0.0,0.0,0.0,1.7293190000782487e-05,4.864317087345784e-07
